folder,checkpoint,checkpoint_name,L,T,if_mode,metric_position,time_reduce,sigma_eff,var_eff,rms_delta,p_metric,p_rule,p_e,equal_count,total_count,lambda_if2,h_tolerance,noise_variance,noise_sigma,noise_type,repeats,max_batches
mnist-checkpoints,mnist-checkpoints/cnn2_L[2].pth,cnn2_L[2].pth,2,2,rate_uniform,conv2_output_pre_bn2,mean_over_time,2.9863100190206304,8.918047529702998,2.9870798595148873,P_tolerant_same_position,|x_noisy-x_clean| < lambda/(2L),0.23782576995642007,572791,2408448,2.434079647064209,0.6085199117660522,0.5,0.7071067811865476,gaussian,6,4
mnist-checkpoints,mnist-checkpoints/cnn2_L[2].pth,cnn2_L[2].pth,2,4,rate_uniform,conv2_output_pre_bn2,mean_over_time,1.8078196431313136,3.2682118620914298,1.8086735505991185,P_tolerant_same_position,|x_noisy-x_clean| < lambda/(2L),0.31567341291985546,760283,2408448,2.434079647064209,0.6085199117660522,0.5,0.7071067811865476,gaussian,6,4
mnist-checkpoints,mnist-checkpoints/cnn2_L[2].pth,cnn2_L[2].pth,2,8,rate_uniform,conv2_output_pre_bn2,mean_over_time,1.2183630978485835,1.4844086381991972,1.2189483401278776,P_tolerant_same_position,|x_noisy-x_clean| < lambda/(2L),0.4622034604857568,1113193,2408448,2.434079647064209,0.6085199117660522,0.5,0.7071067811865476,gaussian,6,4
mnist-checkpoints,mnist-checkpoints/cnn2_L[2].pth,cnn2_L[2].pth,2,16,rate_uniform,conv2_output_pre_bn2,mean_over_time,0.8939411022531917,0.7991306942976514,0.8942558395563271,P_tolerant_same_position,|x_noisy-x_clean| < lambda/(2L),0.6161278964710885,1483912,2408448,2.434079647064209,0.6085199117660522,0.5,0.7071067811865476,gaussian,6,4
mnist-checkpoints,mnist-checkpoints/cnn2_L[2].pth,cnn2_L[2].pth,2,32,rate_uniform,conv2_output_pre_bn2,mean_over_time,0.6836073994594621,0.4673190765957287,0.6837928800833025,P_tolerant_same_position,|x_noisy-x_clean| < lambda/(2L),0.7419030844759779,1786835,2408448,2.434079647064209,0.6085199117660522,0.5,0.7071067811865476,gaussian,6,4
mnist-checkpoints,mnist-checkpoints/cnn2_L[4].pth,cnn2_L[4].pth,4,2,rate_uniform,conv2_output_pre_bn2,mean_over_time,4.322567202946217,18.684587223986288,4.324977729530565,P_tolerant_same_position,|x_noisy-x_clean| < lambda/(2L),0.07468170373618198,179867,2408448,2.809908628463745,0.35123857855796814,0.5,0.7071067811865476,gaussian,6,4
mnist-checkpoints,mnist-checkpoints/cnn2_L[4].pth,cnn2_L[4].pth,4,4,rate_uniform,conv2_output_pre_bn2,mean_over_time,2.3603640570174527,5.571318481659888,2.373666551647371,P_tolerant_same_position,|x_noisy-x_clean| < lambda/(2L),0.1278528745482568,307927,2408448,2.809908628463745,0.35123857855796814,0.5,0.7071067811865476,gaussian,6,4
mnist-checkpoints,mnist-checkpoints/cnn2_L[4].pth,cnn2_L[4].pth,4,8,rate_uniform,conv2_output_pre_bn2,mean_over_time,1.8136889829803826,3.2894677269844146,1.8138041114734964,P_tolerant_same_position,|x_noisy-x_clean| < lambda/(2L),0.16949379849596088,408217,2408448,2.809908628463745,0.35123857855796814,0.5,0.7071067811865476,gaussian,6,4
mnist-checkpoints,mnist-checkpoints/cnn2_L[4].pth,cnn2_L[4].pth,4,16,rate_uniform,conv2_output_pre_bn2,mean_over_time,1.711263615669141,2.9284231623130217,1.7117091107237075,P_tolerant_same_position,|x_noisy-x_clean| < lambda/(2L),0.18358503069196427,442155,2408448,2.809908628463745,0.35123857855796814,0.5,0.7071067811865476,gaussian,6,4
mnist-checkpoints,mnist-checkpoints/cnn2_L[4].pth,cnn2_L[4].pth,4,32,rate_uniform,conv2_output_pre_bn2,mean_over_time,1.6778919344653498,2.8153213437438733,1.6796380955504242,P_tolerant_same_position,|x_noisy-x_clean| < lambda/(2L),0.19249948514562074,463625,2408448,2.809908628463745,0.35123857855796814,0.5,0.7071067811865476,gaussian,6,4
mnist-checkpoints,mnist-checkpoints/cnn2_L[8].pth,cnn2_L[8].pth,8,2,rate_uniform,conv2_output_pre_bn2,mean_over_time,3.625409230599428,13.143592089315534,3.6254270677188347,P_tolerant_same_position,|x_noisy-x_clean| < lambda/(2L),0.05674318067070578,136663,2408448,3.270169973373413,0.20438562333583832,0.5,0.7071067811865476,gaussian,6,4
mnist-checkpoints,mnist-checkpoints/cnn2_L[8].pth,cnn2_L[8].pth,8,4,rate_uniform,conv2_output_pre_bn2,mean_over_time,2.5140084635575444,6.320238554838964,2.514041412350833,P_tolerant_same_position,|x_noisy-x_clean| < lambda/(2L),0.06943890837585034,167240,2408448,3.270169973373413,0.20438562333583832,0.5,0.7071067811865476,gaussian,6,4
mnist-checkpoints,mnist-checkpoints/cnn2_L[8].pth,cnn2_L[8].pth,8,8,rate_uniform,conv2_output_pre_bn2,mean_over_time,1.528746314138581,2.337065292992297,1.528765577995202,P_tolerant_same_position,|x_noisy-x_clean| < lambda/(2L),0.11704425422512756,281895,2408448,3.270169973373413,0.20438562333583832,0.5,0.7071067811865476,gaussian,6,4
mnist-checkpoints,mnist-checkpoints/cnn2_L[8].pth,cnn2_L[8].pth,8,16,rate_uniform,conv2_output_pre_bn2,mean_over_time,1.2342564647142382,1.5233890206888894,1.2342628635154094,P_tolerant_same_position,|x_noisy-x_clean| < lambda/(2L),0.15287894943133504,368201,2408448,3.270169973373413,0.20438562333583832,0.5,0.7071067811865476,gaussian,6,4
mnist-checkpoints,mnist-checkpoints/cnn2_L[8].pth,cnn2_L[8].pth,8,32,rate_uniform,conv2_output_pre_bn2,mean_over_time,1.1358014956265148,1.290045037467428,1.1358091842396623,P_tolerant_same_position,|x_noisy-x_clean| < lambda/(2L),0.15946078138286565,384053,2408448,3.270169973373413,0.20438562333583832,0.5,0.7071067811865476,gaussian,6,4
mnist-checkpoints,mnist-checkpoints/cnn2_L[16].pth,cnn2_L[16].pth,16,2,rate_uniform,conv2_output_pre_bn2,mean_over_time,3.3387229242165297,11.147070764688976,3.3387932568818,P_tolerant_same_position,|x_noisy-x_clean| < lambda/(2L),0.043247767857142856,104160,2408448,3.8602969646453857,0.1206342801451683,0.5,0.7071067811865476,gaussian,6,4
mnist-checkpoints,mnist-checkpoints/cnn2_L[16].pth,cnn2_L[16].pth,16,4,rate_uniform,conv2_output_pre_bn2,mean_over_time,1.9906573534739758,3.962716698940013,1.9907222279484191,P_tolerant_same_position,|x_noisy-x_clean| < lambda/(2L),0.05732612869366496,138067,2408448,3.8602969646453857,0.1206342801451683,0.5,0.7071067811865476,gaussian,6,4
mnist-checkpoints,mnist-checkpoints/cnn2_L[16].pth,cnn2_L[16].pth,16,8,rate_uniform,conv2_output_pre_bn2,mean_over_time,1.7607344626444221,3.1001858479437416,1.7607401990075233,P_tolerant_same_position,|x_noisy-x_clean| < lambda/(2L),0.05917046994579082,142509,2408448,3.8602969646453857,0.1206342801451683,0.5,0.7071067811865476,gaussian,6,4
mnist-checkpoints,mnist-checkpoints/cnn2_L[16].pth,cnn2_L[16].pth,16,16,rate_uniform,conv2_output_pre_bn2,mean_over_time,1.538377292884171,2.36660469526163,1.5383775256404246,P_tolerant_same_position,|x_noisy-x_clean| < lambda/(2L),0.07104284584927721,171103,2408448,3.8602969646453857,0.1206342801451683,0.5,0.7071067811865476,gaussian,6,4
mnist-checkpoints,mnist-checkpoints/cnn2_L[16].pth,cnn2_L[16].pth,16,32,rate_uniform,conv2_output_pre_bn2,mean_over_time,1.4921158592848298,2.226409737529306,1.4921433298746563,P_tolerant_same_position,|x_noisy-x_clean| < lambda/(2L),0.0770766070099915,185635,2408448,3.8602969646453857,0.1206342801451683,0.5,0.7071067811865476,gaussian,6,4
mnist-checkpoints,mnist-checkpoints/cnn2_L[32].pth,cnn2_L[32].pth,32,2,rate_uniform,conv2_output_pre_bn2,mean_over_time,3.510973401245,12.326934224249882,3.5153744833094334,P_tolerant_same_position,|x_noisy-x_clean| < lambda/(2L),0.04686088302508504,112862,2408448,4.731191635131836,0.07392486929893494,0.5,0.7071067811865476,gaussian,6,4
mnist-checkpoints,mnist-checkpoints/cnn2_L[32].pth,cnn2_L[32].pth,32,4,rate_uniform,conv2_output_pre_bn2,mean_over_time,1.9905391025606873,3.9622459188231063,1.9913034534692646,P_tolerant_same_position,|x_noisy-x_clean| < lambda/(2L),0.03513839617878401,84629,2408448,4.731191635131836,0.07392486929893494,0.5,0.7071067811865476,gaussian,6,4
mnist-checkpoints,mnist-checkpoints/cnn2_L[32].pth,cnn2_L[32].pth,32,8,rate_uniform,conv2_output_pre_bn2,mean_over_time,1.8332496535700957,3.3608042923148758,1.8341607734162904,P_tolerant_same_position,|x_noisy-x_clean| < lambda/(2L),0.03765370894451531,90687,2408448,4.731191635131836,0.07392486929893494,0.5,0.7071067811865476,gaussian,6,4
mnist-checkpoints,mnist-checkpoints/cnn2_L[32].pth,cnn2_L[32].pth,32,16,rate_uniform,conv2_output_pre_bn2,mean_over_time,1.821185892254856,3.3167180541481165,1.8228363523985047,P_tolerant_same_position,|x_noisy-x_clean| < lambda/(2L),0.04043392259247449,97383,2408448,4.731191635131836,0.07392486929893494,0.5,0.7071067811865476,gaussian,6,4
mnist-checkpoints,mnist-checkpoints/cnn2_L[32].pth,cnn2_L[32].pth,32,32,rate_uniform,conv2_output_pre_bn2,mean_over_time,1.8618031424195867,3.466310941123448,1.8644482618650369,P_tolerant_same_position,|x_noisy-x_clean| < lambda/(2L),0.04598812181122449,110760,2408448,4.731191635131836,0.07392486929893494,0.5,0.7071067811865476,gaussian,6,4
mnist-checkpoints_c16_c32,mnist-checkpoints_c16_c32/cnn2_L[2].pth,cnn2_L[2].pth,2,2,rate_uniform,conv2_output_pre_bn2,mean_over_time,5.740017808536351,32.94780444231445,5.759381352890181,P_tolerant_same_position,|x_noisy-x_clean| < lambda/(2L),0.06124151320684524,1179976,19267584,1.6945642232894897,0.42364105582237244,0.5,0.7071067811865476,gaussian,6,4
mnist-checkpoints_c16_c32,mnist-checkpoints_c16_c32/cnn2_L[2].pth,cnn2_L[2].pth,2,4,rate_uniform,conv2_output_pre_bn2,mean_over_time,3.6381913046780023,13.236435969434625,3.647953463870263,P_tolerant_same_position,|x_noisy-x_clean| < lambda/(2L),0.09806564227253402,1889488,19267584,1.6945642232894897,0.42364105582237244,0.5,0.7071067811865476,gaussian,6,4
mnist-checkpoints_c16_c32,mnist-checkpoints_c16_c32/cnn2_L[2].pth,cnn2_L[2].pth,2,8,rate_uniform,conv2_output_pre_bn2,mean_over_time,2.6993945615785973,7.286730999080106,2.7038204003238415,P_tolerant_same_position,|x_noisy-x_clean| < lambda/(2L),0.1327389567887702,2557559,19267584,1.6945642232894897,0.42364105582237244,0.5,0.7071067811865476,gaussian,6,4
mnist-checkpoints_c16_c32,mnist-checkpoints_c16_c32/cnn2_L[2].pth,cnn2_L[2].pth,2,16,rate_uniform,conv2_output_pre_bn2,mean_over_time,2.1472271575005815,4.610584465908027,2.14955421341187,P_tolerant_same_position,|x_noisy-x_clean| < lambda/(2L),0.16832120726708652,3243143,19267584,1.6945642232894897,0.42364105582237244,0.5,0.7071067811865476,gaussian,6,4
mnist-checkpoints_c16_c32,mnist-checkpoints_c16_c32/cnn2_L[2].pth,cnn2_L[2].pth,2,32,rate_uniform,conv2_output_pre_bn2,mean_over_time,1.8390501787544695,3.382105559976846,1.840444241507788,P_tolerant_same_position,|x_noisy-x_clean| < lambda/(2L),0.20686075638751594,3985707,19267584,1.6945642232894897,0.42364105582237244,0.5,0.7071067811865476,gaussian,6,4
mnist-checkpoints_c16_c32,mnist-checkpoints_c16_c32/cnn2_L[4].pth,cnn2_L[4].pth,4,2,rate_uniform,conv2_output_pre_bn2,mean_over_time,6.026449599607556,36.318094776610074,6.042443224902633,P_tolerant_same_position,|x_noisy-x_clean| < lambda/(2L),0.0393913424744898,758976,19267584,2.2953126430511475,0.28691408038139343,0.5,0.7071067811865476,gaussian,6,4
mnist-checkpoints_c16_c32,mnist-checkpoints_c16_c32/cnn2_L[4].pth,cnn2_L[4].pth,4,4,rate_uniform,conv2_output_pre_bn2,mean_over_time,3.7538944767089357,14.091723742265854,3.7551364916744294,P_tolerant_same_position,|x_noisy-x_clean| < lambda/(2L),0.06430780319940477,1239056,19267584,2.2953126430511475,0.28691408038139343,0.5,0.7071067811865476,gaussian,6,4
mnist-checkpoints_c16_c32,mnist-checkpoints_c16_c32/cnn2_L[4].pth,cnn2_L[4].pth,4,8,rate_uniform,conv2_output_pre_bn2,mean_over_time,2.8019187689401064,7.850748787738841,2.803701502777563,P_tolerant_same_position,|x_noisy-x_clean| < lambda/(2L),0.08718436104910714,1679832,19267584,2.2953126430511475,0.28691408038139343,0.5,0.7071067811865476,gaussian,6,4
mnist-checkpoints_c16_c32,mnist-checkpoints_c16_c32/cnn2_L[4].pth,cnn2_L[4].pth,4,16,rate_uniform,conv2_output_pre_bn2,mean_over_time,2.2930012583964334,5.2578547710076275,2.2930445936436596,P_tolerant_same_position,|x_noisy-x_clean| < lambda/(2L),0.10713429353675064,2064219,19267584,2.2953126430511475,0.28691408038139343,0.5,0.7071067811865476,gaussian,6,4
mnist-checkpoints_c16_c32,mnist-checkpoints_c16_c32/cnn2_L[4].pth,cnn2_L[4].pth,4,32,rate_uniform,conv2_output_pre_bn2,mean_over_time,1.9702251723100912,3.8817872296043285,1.9703252324353266,P_tolerant_same_position,|x_noisy-x_clean| < lambda/(2L),0.12802617079546663,2466755,19267584,2.2953126430511475,0.28691408038139343,0.5,0.7071067811865476,gaussian,6,4
mnist-checkpoints_c16_c32,mnist-checkpoints_c16_c32/cnn2_L[8].pth,cnn2_L[8].pth,8,2,rate_uniform,conv2_output_pre_bn2,mean_over_time,6.064983810622509,36.78402862311314,6.106664338910798,P_tolerant_same_position,|x_noisy-x_clean| < lambda/(2L),0.02718150858976403,523722,19267584,3.1378366947174072,0.19611479341983795,0.5,0.7071067811865476,gaussian,6,4
mnist-checkpoints_c16_c32,mnist-checkpoints_c16_c32/cnn2_L[8].pth,cnn2_L[8].pth,8,4,rate_uniform,conv2_output_pre_bn2,mean_over_time,3.715607697746361,13.805740563552014,3.7345990595790854,P_tolerant_same_position,|x_noisy-x_clean| < lambda/(2L),0.045006836352705144,867173,19267584,3.1378366947174072,0.19611479341983795,0.5,0.7071067811865476,gaussian,6,4
mnist-checkpoints_c16_c32,mnist-checkpoints_c16_c32/cnn2_L[8].pth,cnn2_L[8].pth,8,8,rate_uniform,conv2_output_pre_bn2,mean_over_time,2.902186616833643,8.422687158928307,2.914982375312207,P_tolerant_same_position,|x_noisy-x_clean| < lambda/(2L),0.05877327432437819,1132419,19267584,3.1378366947174072,0.19611479341983795,0.5,0.7071067811865476,gaussian,6,4
mnist-checkpoints_c16_c32,mnist-checkpoints_c16_c32/cnn2_L[8].pth,cnn2_L[8].pth,8,16,rate_uniform,conv2_output_pre_bn2,mean_over_time,2.5272989679163738,6.387240073231169,2.5350398493489785,P_tolerant_same_position,|x_noisy-x_clean| < lambda/(2L),0.07024518486593856,1353455,19267584,3.1378366947174072,0.19611479341983795,0.5,0.7071067811865476,gaussian,6,4
mnist-checkpoints_c16_c32,mnist-checkpoints_c16_c32/cnn2_L[8].pth,cnn2_L[8].pth,8,32,rate_uniform,conv2_output_pre_bn2,mean_over_time,2.491695019455574,6.2085440699797125,2.4994074279594845,P_tolerant_same_position,|x_noisy-x_clean| < lambda/(2L),0.0789037172486182,1520284,19267584,3.1378366947174072,0.19611479341983795,0.5,0.7071067811865476,gaussian,6,4
mnist-checkpoints_c16_c32,mnist-checkpoints_c16_c32/cnn2_L[16].pth,cnn2_L[16].pth,16,2,rate_uniform,conv2_output_pre_bn2,mean_over_time,5.324062170666154,28.3456379971184,5.334444702888111,P_tolerant_same_position,|x_noisy-x_clean| < lambda/(2L),0.01818095096925489,350303,19267584,3.6519775390625,0.11412429809570312,0.5,0.7071067811865476,gaussian,6,4
mnist-checkpoints_c16_c32,mnist-checkpoints_c16_c32/cnn2_L[16].pth,cnn2_L[16].pth,16,4,rate_uniform,conv2_output_pre_bn2,mean_over_time,3.148646733260447,9.913976250871682,3.1668024568689415,P_tolerant_same_position,|x_noisy-x_clean| < lambda/(2L),0.03106300198301977,598509,19267584,3.6519775390625,0.11412429809570312,0.5,0.7071067811865476,gaussian,6,4
mnist-checkpoints_c16_c32,mnist-checkpoints_c16_c32/cnn2_L[16].pth,cnn2_L[16].pth,16,8,rate_uniform,conv2_output_pre_bn2,mean_over_time,2.276297158627427,5.181528754375298,2.280431952702682,P_tolerant_same_position,|x_noisy-x_clean| < lambda/(2L),0.04302952565303465,829075,19267584,3.6519775390625,0.11412429809570312,0.5,0.7071067811865476,gaussian,6,4
mnist-checkpoints_c16_c32,mnist-checkpoints_c16_c32/cnn2_L[16].pth,cnn2_L[16].pth,16,16,rate_uniform,conv2_output_pre_bn2,mean_over_time,1.8804176419595342,3.535970508192655,1.8807104168758233,P_tolerant_same_position,|x_noisy-x_clean| < lambda/(2L),0.05305932492625957,1022325,19267584,3.6519775390625,0.11412429809570312,0.5,0.7071067811865476,gaussian,6,4
mnist-checkpoints_c16_c32,mnist-checkpoints_c16_c32/cnn2_L[16].pth,cnn2_L[16].pth,16,32,rate_uniform,conv2_output_pre_bn2,mean_over_time,1.7617062441289297,3.1036088906028603,1.761794438022648,P_tolerant_same_position,|x_noisy-x_clean| < lambda/(2L),0.05862468278326956,1129556,19267584,3.6519775390625,0.11412429809570312,0.5,0.7071067811865476,gaussian,6,4
mnist-checkpoints_c16_c32,mnist-checkpoints_c16_c32/cnn2_L[32].pth,cnn2_L[32].pth,32,2,rate_uniform,conv2_output_pre_bn2,mean_over_time,5.454151349133033,29.747766939249686,5.464343120246059,P_tolerant_same_position,|x_noisy-x_clean| < lambda/(2L),0.0105019913238733,202348,19267584,4.266854286193848,0.06666959822177887,0.5,0.7071067811865476,gaussian,6,4
mnist-checkpoints_c16_c32,mnist-checkpoints_c16_c32/cnn2_L[32].pth,cnn2_L[32].pth,32,4,rate_uniform,conv2_output_pre_bn2,mean_over_time,3.209364300414327,10.300019212773943,3.2203109121703304,P_tolerant_same_position,|x_noisy-x_clean| < lambda/(2L),0.0176888809723108,340822,19267584,4.266854286193848,0.06666959822177887,0.5,0.7071067811865476,gaussian,6,4
mnist-checkpoints_c16_c32,mnist-checkpoints_c16_c32/cnn2_L[32].pth,cnn2_L[32].pth,32,8,rate_uniform,conv2_output_pre_bn2,mean_over_time,2.3044292136975484,5.310394000942701,2.3091827389709993,P_tolerant_same_position,|x_noisy-x_clean| < lambda/(2L),0.025143370336415817,484452,19267584,4.266854286193848,0.06666959822177887,0.5,0.7071067811865476,gaussian,6,4
mnist-checkpoints_c16_c32,mnist-checkpoints_c16_c32/cnn2_L[32].pth,cnn2_L[32].pth,32,16,rate_uniform,conv2_output_pre_bn2,mean_over_time,1.8721381373519408,3.5049012053275943,1.8743564308591458,P_tolerant_same_position,|x_noisy-x_clean| < lambda/(2L),0.031237647646949404,601874,19267584,4.266854286193848,0.06666959822177887,0.5,0.7071067811865476,gaussian,6,4
mnist-checkpoints_c16_c32,mnist-checkpoints_c16_c32/cnn2_L[32].pth,cnn2_L[32].pth,32,32,rate_uniform,conv2_output_pre_bn2,mean_over_time,1.7515345268431914,3.0678731987238024,1.7516976596864178,P_tolerant_same_position,|x_noisy-x_clean| < lambda/(2L),0.03533131086907419,680749,19267584,4.266854286193848,0.06666959822177887,0.5,0.7071067811865476,gaussian,6,4
mnist-checkpoints_c4_c8,mnist-checkpoints_c4_c8/cnn2_L[2].pth,cnn2_L[2].pth,2,2,rate_uniform,conv2_output_pre_bn2,mean_over_time,4.903680929755806,24.046086660850765,4.909362537631859,P_tolerant_same_position,|x_noisy-x_clean| < lambda/(2L),0.08872622535342262,427385,4816896,2.090257167816162,0.5225642919540405,0.5,0.7071067811865476,gaussian,6,4
mnist-checkpoints_c4_c8,mnist-checkpoints_c4_c8/cnn2_L[2].pth,cnn2_L[2].pth,2,4,rate_uniform,conv2_output_pre_bn2,mean_over_time,2.984853821228536,8.909352334102593,2.9873171760131836,P_tolerant_same_position,|x_noisy-x_clean| < lambda/(2L),0.14572164314944727,701926,4816896,2.090257167816162,0.5225642919540405,0.5,0.7071067811865476,gaussian,6,4
mnist-checkpoints_c4_c8,mnist-checkpoints_c4_c8/cnn2_L[2].pth,cnn2_L[2].pth,2,8,rate_uniform,conv2_output_pre_bn2,mean_over_time,2.170595870452876,4.711486432827078,2.1723311149772915,P_tolerant_same_position,|x_noisy-x_clean| < lambda/(2L),0.2035204829001913,980337,4816896,2.090257167816162,0.5225642919540405,0.5,0.7071067811865476,gaussian,6,4
mnist-checkpoints_c4_c8,mnist-checkpoints_c4_c8/cnn2_L[2].pth,cnn2_L[2].pth,2,16,rate_uniform,conv2_output_pre_bn2,mean_over_time,1.7343851337111285,3.0080917920381687,1.7359950498320678,P_tolerant_same_position,|x_noisy-x_clean| < lambda/(2L),0.2596207184045493,1250566,4816896,2.090257167816162,0.5225642919540405,0.5,0.7071067811865476,gaussian,6,4
mnist-checkpoints_c4_c8,mnist-checkpoints_c4_c8/cnn2_L[2].pth,cnn2_L[2].pth,2,32,rate_uniform,conv2_output_pre_bn2,mean_over_time,1.456007080676384,2.1199566189797663,1.4578287036356476,P_tolerant_same_position,|x_noisy-x_clean| < lambda/(2L),0.3209319860756803,1545896,4816896,2.090257167816162,0.5225642919540405,0.5,0.7071067811865476,gaussian,6,4
mnist-checkpoints_c4_c8,mnist-checkpoints_c4_c8/cnn2_L[4].pth,cnn2_L[4].pth,4,2,rate_uniform,conv2_output_pre_bn2,mean_over_time,4.687948892060591,21.976864814572124,4.692647964600331,P_tolerant_same_position,|x_noisy-x_clean| < lambda/(2L),0.05950761652317177,286642,4816896,2.6231276988983154,0.32789096236228943,0.5,0.7071067811865476,gaussian,6,4
mnist-checkpoints_c4_c8,mnist-checkpoints_c4_c8/cnn2_L[4].pth,cnn2_L[4].pth,4,4,rate_uniform,conv2_output_pre_bn2,mean_over_time,2.8816502670253072,8.303908261447026,2.8866893111059335,P_tolerant_same_position,|x_noisy-x_clean| < lambda/(2L),0.09397628680378402,452674,4816896,2.6231276988983154,0.32789096236228943,0.5,0.7071067811865476,gaussian,6,4
mnist-checkpoints_c4_c8,mnist-checkpoints_c4_c8/cnn2_L[4].pth,cnn2_L[4].pth,4,8,rate_uniform,conv2_output_pre_bn2,mean_over_time,2.0701663142711086,4.285588568742827,2.0702611025327378,P_tolerant_same_position,|x_noisy-x_clean| < lambda/(2L),0.13077425794536565,629926,4816896,2.6231276988983154,0.32789096236228943,0.5,0.7071067811865476,gaussian,6,4
mnist-checkpoints_c4_c8,mnist-checkpoints_c4_c8/cnn2_L[4].pth,cnn2_L[4].pth,4,16,rate_uniform,conv2_output_pre_bn2,mean_over_time,1.625806980483333,2.643248337788333,1.626657804462801,P_tolerant_same_position,|x_noisy-x_clean| < lambda/(2L),0.1695635529602466,816770,4816896,2.6231276988983154,0.32789096236228943,0.5,0.7071067811865476,gaussian,6,4
mnist-checkpoints_c4_c8,mnist-checkpoints_c4_c8/cnn2_L[4].pth,cnn2_L[4].pth,4,32,rate_uniform,conv2_output_pre_bn2,mean_over_time,1.3641707396375482,1.8609618068832552,1.3674676067308067,P_tolerant_same_position,|x_noisy-x_clean| < lambda/(2L),0.21505903386745323,1035917,4816896,2.6231276988983154,0.32789096236228943,0.5,0.7071067811865476,gaussian,6,4
mnist-checkpoints_c4_c8,mnist-checkpoints_c4_c8/cnn2_L[8].pth,cnn2_L[8].pth,8,2,rate_uniform,conv2_output_pre_bn2,mean_over_time,3.927883979610087,15.428272557277571,3.92903537587405,P_tolerant_same_position,|x_noisy-x_clean| < lambda/(2L),0.04897739124946854,235919,4816896,3.530583620071411,0.2206614762544632,0.5,0.7071067811865476,gaussian,6,4
mnist-checkpoints_c4_c8,mnist-checkpoints_c4_c8/cnn2_L[8].pth,cnn2_L[8].pth,8,4,rate_uniform,conv2_output_pre_bn2,mean_over_time,2.299380326720302,5.287149886908364,2.299537018955519,P_tolerant_same_position,|x_noisy-x_clean| < lambda/(2L),0.0820736009247449,395340,4816896,3.530583620071411,0.2206614762544632,0.5,0.7071067811865476,gaussian,6,4
mnist-checkpoints_c4_c8,mnist-checkpoints_c4_c8/cnn2_L[8].pth,cnn2_L[8].pth,8,8,rate_uniform,conv2_output_pre_bn2,mean_over_time,1.7657950869054666,3.1180322889394843,1.7658283455653638,P_tolerant_same_position,|x_noisy-x_clean| < lambda/(2L),0.1087685928863733,523927,4816896,3.530583620071411,0.2206614762544632,0.5,0.7071067811865476,gaussian,6,4
mnist-checkpoints_c4_c8,mnist-checkpoints_c4_c8/cnn2_L[8].pth,cnn2_L[8].pth,8,16,rate_uniform,conv2_output_pre_bn2,mean_over_time,1.53943425109503,2.369857813444516,1.5405452741871846,P_tolerant_same_position,|x_noisy-x_clean| < lambda/(2L),0.12984897328071854,625469,4816896,3.530583620071411,0.2206614762544632,0.5,0.7071067811865476,gaussian,6,4
mnist-checkpoints_c4_c8,mnist-checkpoints_c4_c8/cnn2_L[8].pth,cnn2_L[8].pth,8,32,rate_uniform,conv2_output_pre_bn2,mean_over_time,1.5114518209655046,2.28448660709994,1.516267767751265,P_tolerant_same_position,|x_noisy-x_clean| < lambda/(2L),0.15143237470769558,729434,4816896,3.530583620071411,0.2206614762544632,0.5,0.7071067811865476,gaussian,6,4
mnist-checkpoints_c4_c8,mnist-checkpoints_c4_c8/cnn2_L[16].pth,cnn2_L[16].pth,16,2,rate_uniform,conv2_output_pre_bn2,mean_over_time,2.781426301774935,7.736332272205392,2.7825554370313172,P_tolerant_same_position,|x_noisy-x_clean| < lambda/(2L),0.05206091225552721,250772,4816896,3.983703374862671,0.12449073046445847,0.5,0.7071067811865476,gaussian,6,4
mnist-checkpoints_c4_c8,mnist-checkpoints_c4_c8/cnn2_L[16].pth,cnn2_L[16].pth,16,4,rate_uniform,conv2_output_pre_bn2,mean_over_time,1.8336032813528023,3.3621009933877635,1.8338932996260011,P_tolerant_same_position,|x_noisy-x_clean| < lambda/(2L),0.05711914892910289,275137,4816896,3.983703374862671,0.12449073046445847,0.5,0.7071067811865476,gaussian,6,4
mnist-checkpoints_c4_c8,mnist-checkpoints_c4_c8/cnn2_L[16].pth,cnn2_L[16].pth,16,8,rate_uniform,conv2_output_pre_bn2,mean_over_time,1.5333034709374063,2.3510195339886972,1.53532114075444,P_tolerant_same_position,|x_noisy-x_clean| < lambda/(2L),0.0690199663849915,332462,4816896,3.983703374862671,0.12449073046445847,0.5,0.7071067811865476,gaussian,6,4
mnist-checkpoints_c4_c8,mnist-checkpoints_c4_c8/cnn2_L[16].pth,cnn2_L[16].pth,16,16,rate_uniform,conv2_output_pre_bn2,mean_over_time,1.5271493034588208,2.332184995054762,1.5348107712329047,P_tolerant_same_position,|x_noisy-x_clean| < lambda/(2L),0.07570912886639031,364683,4816896,3.983703374862671,0.12449073046445847,0.5,0.7071067811865476,gaussian,6,4
mnist-checkpoints_c4_c8,mnist-checkpoints_c4_c8/cnn2_L[16].pth,cnn2_L[16].pth,16,32,rate_uniform,conv2_output_pre_bn2,mean_over_time,1.578202273612571,2.4907224164358883,1.5896217772298638,P_tolerant_same_position,|x_noisy-x_clean| < lambda/(2L),0.08221560108418367,396024,4816896,3.983703374862671,0.12449073046445847,0.5,0.7071067811865476,gaussian,6,4
mnist-checkpoints_c4_c8,mnist-checkpoints_c4_c8/cnn2_L[32].pth,cnn2_L[32].pth,32,2,rate_uniform,conv2_output_pre_bn2,mean_over_time,3.09640412282522,9.58771849184902,3.0970054790144945,P_tolerant_same_position,|x_noisy-x_clean| < lambda/(2L),0.03418550037202381,164668,4816896,4.459484577178955,0.06967944651842117,0.5,0.7071067811865476,gaussian,6,4
mnist-checkpoints_c4_c8,mnist-checkpoints_c4_c8/cnn2_L[32].pth,cnn2_L[32].pth,32,4,rate_uniform,conv2_output_pre_bn2,mean_over_time,2.153663525694617,4.638266581907369,2.1569058474220064,P_tolerant_same_position,|x_noisy-x_clean| < lambda/(2L),0.027300153459821428,131502,4816896,4.459484577178955,0.06967944651842117,0.5,0.7071067811865476,gaussian,6,4
mnist-checkpoints_c4_c8,mnist-checkpoints_c4_c8/cnn2_L[32].pth,cnn2_L[32].pth,32,8,rate_uniform,conv2_output_pre_bn2,mean_over_time,1.8425284890012492,3.3949112327812268,1.8500163017063551,P_tolerant_same_position,|x_noisy-x_clean| < lambda/(2L),0.03314146703603316,159639,4816896,4.459484577178955,0.06967944651842117,0.5,0.7071067811865476,gaussian,6,4
mnist-checkpoints_c4_c8,mnist-checkpoints_c4_c8/cnn2_L[32].pth,cnn2_L[32].pth,32,16,rate_uniform,conv2_output_pre_bn2,mean_over_time,1.9215359281917268,3.692300323331641,1.9403585759178905,P_tolerant_same_position,|x_noisy-x_clean| < lambda/(2L),0.03492082868303571,168210,4816896,4.459484577178955,0.06967944651842117,0.5,0.7071067811865476,gaussian,6,4
mnist-checkpoints_c4_c8,mnist-checkpoints_c4_c8/cnn2_L[32].pth,cnn2_L[32].pth,32,32,rate_uniform,conv2_output_pre_bn2,mean_over_time,1.9091744693674393,3.6449471544844436,1.9300701072456736,P_tolerant_same_position,|x_noisy-x_clean| < lambda/(2L),0.0388025815795068,186908,4816896,4.459484577178955,0.06967944651842117,0.5,0.7071067811865476,gaussian,6,4
