folder,checkpoint,checkpoint_name,L,T,if_mode,metric_position,time_reduce,sigma_eff,var_eff,rms_delta,p_metric,p_rule,p_e,equal_count,total_count,lambda_if1,h_tolerance,noise_variance,noise_sigma,noise_type,repeats,max_batches,acc
mnist-checkpoints,mnist-checkpoints/fc2_L[16]_ablation_mne_l2_l16_fc2_rc1em03.pth,fc2_L[16]_ablation_mne_l2_l16_fc2_rc1em03.pth,16,2,normal,fc1_output_pre_if1,mean_over_time,8.20779270379268,67.3678610684323,8.20779743155677,P_tolerant_same_position,|x_noisy-x_clean| < lambda/(2L),0.740309397379557,582203,786432,144.811920166016,4.52537250518799,0.5,0.7071067811865476,gaussian,6,4,95.850000
mnist-checkpoints,mnist-checkpoints/fc2_L[16]_ablation_mne_l2_l16_fc2_rc1em03.pth,fc2_L[16]_ablation_mne_l2_l16_fc2_rc1em03.pth,16,4,normal,fc1_output_pre_if1,mean_over_time,5.79838918944804,33.6213171923079,5.79838941179471,P_tolerant_same_position,|x_noisy-x_clean| < lambda/(2L),0.777322133382161,611311,786432,144.811920166016,4.52537250518799,0.5,0.7071067811865476,gaussian,6,4,97.430000
mnist-checkpoints,mnist-checkpoints/fc2_L[16]_ablation_mne_l2_l16_fc2_rc1em03.pth,fc2_L[16]_ablation_mne_l2_l16_fc2_rc1em03.pth,16,8,normal,fc1_output_pre_if1,mean_over_time,4.10790434913323,16.8748781416277,4.10791465426214,P_tolerant_same_position,|x_noisy-x_clean| < lambda/(2L),0.824234008789062,648204,786432,144.811920166016,4.52537250518799,0.5,0.7071067811865476,gaussian,6,4,97.900000
mnist-checkpoints,mnist-checkpoints/fc2_L[16]_ablation_mne_l2_l16_fc2_rc1em03.pth,fc2_L[16]_ablation_mne_l2_l16_fc2_rc1em03.pth,16,16,normal,fc1_output_pre_if1,mean_over_time,2.89541072504391,8.38340326669929,2.89541243963793,P_tolerant_same_position,|x_noisy-x_clean| < lambda/(2L),0.880311330159505,692305,786432,144.811920166016,4.52537250518799,0.5,0.7071067811865476,gaussian,6,4,98.020000
mnist-checkpoints,mnist-checkpoints/fc2_L[16]_ablation_mne_l2_l16_fc2_rc1em03.pth,fc2_L[16]_ablation_mne_l2_l16_fc2_rc1em03.pth,16,32,normal,fc1_output_pre_if1,mean_over_time,2.05421564810588,4.21980192892305,2.05422060826673,P_tolerant_same_position,|x_noisy-x_clean| < lambda/(2L),0.935024261474609,735333,786432,144.811920166016,4.52537250518799,0.5,0.7071067811865476,gaussian,6,4,97.990000
noise3_exp/ablation_mne_l2_vs_weight_decay_l16_fc2,noise3_exp/ablation_mne_l2_vs_weight_decay_l16_fc2/fc2_L[16]_ablation_none_l16_fc2.pth,fc2_L[16]_ablation_none_l16_fc2.pth,16,2,normal,fc1_output_pre_if1,mean_over_time,9.70762995272029,94.2380792989521,9.70764151688206,P_tolerant_same_position,|x_noisy-x_clean| < lambda/(2L),0.014031728108724,11035,786432,1.10887098312378,0.0346522182226181,0.5,0.7071067811865476,gaussian,6,4,97.200000
noise3_exp/ablation_mne_l2_vs_weight_decay_l16_fc2,noise3_exp/ablation_mne_l2_vs_weight_decay_l16_fc2/fc2_L[16]_ablation_none_l16_fc2.pth,fc2_L[16]_ablation_none_l16_fc2.pth,16,4,normal,fc1_output_pre_if1,mean_over_time,6.85617319245905,47.0071108449941,6.8561941547374,P_tolerant_same_position,|x_noisy-x_clean| < lambda/(2L),0.0202458699544271,15922,786432,1.10887098312378,0.0346522182226181,0.5,0.7071067811865476,gaussian,6,4,97.340000
noise3_exp/ablation_mne_l2_vs_weight_decay_l16_fc2,noise3_exp/ablation_mne_l2_vs_weight_decay_l16_fc2/fc2_L[16]_ablation_none_l16_fc2.pth,fc2_L[16]_ablation_none_l16_fc2.pth,16,8,normal,fc1_output_pre_if1,mean_over_time,4.85178738069283,23.5398407874502,4.85178738787964,P_tolerant_same_position,|x_noisy-x_clean| < lambda/(2L),0.0284881591796875,22404,786432,1.10887098312378,0.0346522182226181,0.5,0.7071067811865476,gaussian,6,4,97.320000
noise3_exp/ablation_mne_l2_vs_weight_decay_l16_fc2,noise3_exp/ablation_mne_l2_vs_weight_decay_l16_fc2/fc2_L[16]_ablation_none_l16_fc2.pth,fc2_L[16]_ablation_none_l16_fc2.pth,16,16,normal,fc1_output_pre_if1,mean_over_time,3.44503550142135,11.8682696060534,3.4450448898912,P_tolerant_same_position,|x_noisy-x_clean| < lambda/(2L),0.0401496887207031,31575,786432,1.10887098312378,0.0346522182226181,0.5,0.7071067811865476,gaussian,6,4,97.340000
noise3_exp/ablation_mne_l2_vs_weight_decay_l16_fc2,noise3_exp/ablation_mne_l2_vs_weight_decay_l16_fc2/fc2_L[16]_ablation_none_l16_fc2.pth,fc2_L[16]_ablation_none_l16_fc2.pth,16,32,normal,fc1_output_pre_if1,mean_over_time,2.43376744049148,5.92322395439643,2.43376789725159,P_tolerant_same_position,|x_noisy-x_clean| < lambda/(2L),0.0569725036621094,44805,786432,1.10887098312378,0.0346522182226181,0.5,0.7071067811865476,gaussian,6,4,97.300000
noise3_exp/ablation_mne_l2_vs_weight_decay_l16_fc2,noise3_exp/ablation_mne_l2_vs_weight_decay_l16_fc2/fc2_L[16]_ablation_wd_l16_fc2.pth,fc2_L[16]_ablation_wd_l16_fc2.pth,16,2,normal,fc1_output_pre_if1,mean_over_time,0.288063235645992,0.0829804277308382,0.288063281725542,P_tolerant_same_position,|x_noisy-x_clean| < lambda/(2L),0.867151896158854,681956,786432,4.8781533241272,0.152442291378975,0.5,0.7071067811865476,gaussian,6,4,96.590000
noise3_exp/ablation_mne_l2_vs_weight_decay_l16_fc2,noise3_exp/ablation_mne_l2_vs_weight_decay_l16_fc2/fc2_L[16]_ablation_wd_l16_fc2.pth,fc2_L[16]_ablation_wd_l16_fc2.pth,16,4,normal,fc1_output_pre_if1,mean_over_time,0.202197832927681,0.0408839636406506,0.20219784323315,P_tolerant_same_position,|x_noisy-x_clean| < lambda/(2L),0.878743489583333,691072,786432,4.8781533241272,0.152442291378975,0.5,0.7071067811865476,gaussian,6,4,97.480000
noise3_exp/ablation_mne_l2_vs_weight_decay_l16_fc2,noise3_exp/ablation_mne_l2_vs_weight_decay_l16_fc2/fc2_L[16]_ablation_wd_l16_fc2.pth,fc2_L[16]_ablation_wd_l16_fc2.pth,16,8,normal,fc1_output_pre_if1,mean_over_time,0.143848908199953,0.0206925083903185,0.143849014371636,P_tolerant_same_position,|x_noisy-x_clean| < lambda/(2L),0.893719991048177,702850,786432,4.8781533241272,0.152442291378975,0.5,0.7071067811865476,gaussian,6,4,97.670000
noise3_exp/ablation_mne_l2_vs_weight_decay_l16_fc2,noise3_exp/ablation_mne_l2_vs_weight_decay_l16_fc2/fc2_L[16]_ablation_wd_l16_fc2.pth,fc2_L[16]_ablation_wd_l16_fc2.pth,16,16,normal,fc1_output_pre_if1,mean_over_time,0.101540926587253,0.0103105597721978,0.101540931335569,P_tolerant_same_position,|x_noisy-x_clean| < lambda/(2L),0.913621266682943,718501,786432,4.8781533241272,0.152442291378975,0.5,0.7071067811865476,gaussian,6,4,97.800000
noise3_exp/ablation_mne_l2_vs_weight_decay_l16_fc2,noise3_exp/ablation_mne_l2_vs_weight_decay_l16_fc2/fc2_L[16]_ablation_wd_l16_fc2.pth,fc2_L[16]_ablation_wd_l16_fc2.pth,16,32,normal,fc1_output_pre_if1,mean_over_time,0.0719694814714175,0.00517960626326471,0.0719694923788544,P_tolerant_same_position,|x_noisy-x_clean| < lambda/(2L),0.938054402669271,737716,786432,4.8781533241272,0.152442291378975,0.5,0.7071067811865476,gaussian,6,4,97.790000
mnist-checkpoints,mnist-checkpoints/fc2_L[2]_ablation_mne_l2_l2_fc2_rc1em03.pth,fc2_L[2]_ablation_mne_l2_l2_fc2_rc1em03.pth,2,2,normal,fc1_output_pre_if1,mean_over_time,7.60142606148204,57.7816781681784,7.60145396788622,P_tolerant_same_position,|x_noisy-x_clean| < lambda/(2L),0.73220952351888,575833,786432,26.3359813690186,6.58399534225464,0.5,0.7071067811865476,gaussian,6,4,98.120000
mnist-checkpoints,mnist-checkpoints/fc2_L[2]_ablation_mne_l2_l2_fc2_rc1em03.pth,fc2_L[2]_ablation_mne_l2_l2_fc2_rc1em03.pth,2,4,normal,fc1_output_pre_if1,mean_over_time,5.36586923979172,28.792552698543,5.36590282422243,P_tolerant_same_position,|x_noisy-x_clean| < lambda/(2L),0.811529795328776,638213,786432,26.3359813690186,6.58399534225464,0.5,0.7071067811865476,gaussian,6,4,98.110000
mnist-checkpoints,mnist-checkpoints/fc2_L[2]_ablation_mne_l2_l2_fc2_rc1em03.pth,fc2_L[2]_ablation_mne_l2_l2_fc2_rc1em03.pth,2,8,normal,fc1_output_pre_if1,mean_over_time,3.81446702497232,14.5501586846012,3.81446843324068,P_tolerant_same_position,|x_noisy-x_clean| < lambda/(2L),0.892126719156901,701597,786432,26.3359813690186,6.58399534225464,0.5,0.7071067811865476,gaussian,6,4,98.250000
mnist-checkpoints,mnist-checkpoints/fc2_L[2]_ablation_mne_l2_l2_fc2_rc1em03.pth,fc2_L[2]_ablation_mne_l2_l2_fc2_rc1em03.pth,2,16,normal,fc1_output_pre_if1,mean_over_time,2.6952854524041,7.26456366994119,2.69528545789928,P_tolerant_same_position,|x_noisy-x_clean| < lambda/(2L),0.958489735921224,753787,786432,26.3359813690186,6.58399534225464,0.5,0.7071067811865476,gaussian,6,4,98.200000
mnist-checkpoints,mnist-checkpoints/fc2_L[2]_ablation_mne_l2_l2_fc2_rc1em03.pth,fc2_L[2]_ablation_mne_l2_l2_fc2_rc1em03.pth,2,32,normal,fc1_output_pre_if1,mean_over_time,1.90120481765034,3.61457975865686,1.90121101687626,P_tolerant_same_position,|x_noisy-x_clean| < lambda/(2L),0.991912841796875,780072,786432,26.3359813690186,6.58399534225464,0.5,0.7071067811865476,gaussian,6,4,98.180000
noise3_exp/ablation_mne_l2_vs_weight_decay_l16_fc2,noise3_exp/ablation_mne_l2_vs_weight_decay_l16_fc2/fc2_L[2]_ablation_none_l2_fc2.pth,fc2_L[2]_ablation_none_l2_fc2.pth,2,2,normal,fc1_output_pre_if1,mean_over_time,10.1651306118193,103.329880355346,10.1651671090614,P_tolerant_same_position,|x_noisy-x_clean| < lambda/(2L),0.30908457438151,243074,786432,4.23435115814209,1.05858778953552,0.5,0.7071067811865476,gaussian,6,4,98.060000
noise3_exp/ablation_mne_l2_vs_weight_decay_l16_fc2,noise3_exp/ablation_mne_l2_vs_weight_decay_l16_fc2/fc2_L[2]_ablation_none_l2_fc2.pth,fc2_L[2]_ablation_none_l2_fc2.pth,2,4,normal,fc1_output_pre_if1,mean_over_time,7.19191149144837,51.7235909008271,7.19191337757541,P_tolerant_same_position,|x_noisy-x_clean| < lambda/(2L),0.385934193929036,303511,786432,4.23435115814209,1.05858778953552,0.5,0.7071067811865476,gaussian,6,4,98.150000
noise3_exp/ablation_mne_l2_vs_weight_decay_l16_fc2,noise3_exp/ablation_mne_l2_vs_weight_decay_l16_fc2/fc2_L[2]_ablation_none_l2_fc2.pth,fc2_L[2]_ablation_none_l2_fc2.pth,2,8,normal,fc1_output_pre_if1,mean_over_time,5.09479809432709,25.9569676219589,5.09479946410678,P_tolerant_same_position,|x_noisy-x_clean| < lambda/(2L),0.452153523763021,355588,786432,4.23435115814209,1.05858778953552,0.5,0.7071067811865476,gaussian,6,4,98.120000
noise3_exp/ablation_mne_l2_vs_weight_decay_l16_fc2,noise3_exp/ablation_mne_l2_vs_weight_decay_l16_fc2/fc2_L[2]_ablation_none_l2_fc2.pth,fc2_L[2]_ablation_none_l2_fc2.pth,2,16,normal,fc1_output_pre_if1,mean_over_time,3.59243046246598,12.9055566276535,3.59243046405015,P_tolerant_same_position,|x_noisy-x_clean| < lambda/(2L),0.507701873779297,399273,786432,4.23435115814209,1.05858778953552,0.5,0.7071067811865476,gaussian,6,4,98.160000
noise3_exp/ablation_mne_l2_vs_weight_decay_l16_fc2,noise3_exp/ablation_mne_l2_vs_weight_decay_l16_fc2/fc2_L[2]_ablation_none_l2_fc2.pth,fc2_L[2]_ablation_none_l2_fc2.pth,2,32,normal,fc1_output_pre_if1,mean_over_time,2.54145797334299,6.45900863026868,2.54145843533586,P_tolerant_same_position,|x_noisy-x_clean| < lambda/(2L),0.561492919921875,441576,786432,4.23435115814209,1.05858778953552,0.5,0.7071067811865476,gaussian,6,4,98.140000
noise3_exp/ablation_mne_l2_vs_weight_decay_l16_fc2,noise3_exp/ablation_mne_l2_vs_weight_decay_l16_fc2/fc2_L[2]_ablation_wd_l2_fc2.pth,fc2_L[2]_ablation_wd_l2_fc2.pth,2,2,normal,fc1_output_pre_if1,mean_over_time,0.339978141041377,0.11558513638595,0.339978153135187,P_tolerant_same_position,|x_noisy-x_clean| < lambda/(2L),0.967999776204427,761266,786432,4.2535662651062,1.06339156627655,0.5,0.7071067811865476,gaussian,6,4,97.370000
noise3_exp/ablation_mne_l2_vs_weight_decay_l16_fc2,noise3_exp/ablation_mne_l2_vs_weight_decay_l16_fc2/fc2_L[2]_ablation_wd_l2_fc2.pth,fc2_L[2]_ablation_wd_l2_fc2.pth,2,4,normal,fc1_output_pre_if1,mean_over_time,0.240476420100506,0.0578289086243552,0.240476573736157,P_tolerant_same_position,|x_noisy-x_clean| < lambda/(2L),0.989994049072266,778563,786432,4.2535662651062,1.06339156627655,0.5,0.7071067811865476,gaussian,6,4,97.670000
noise3_exp/ablation_mne_l2_vs_weight_decay_l16_fc2,noise3_exp/ablation_mne_l2_vs_weight_decay_l16_fc2/fc2_L[2]_ablation_wd_l2_fc2.pth,fc2_L[2]_ablation_wd_l2_fc2.pth,2,8,normal,fc1_output_pre_if1,mean_over_time,0.170280948732805,0.0289956015013442,0.170280982112035,P_tolerant_same_position,|x_noisy-x_clean| < lambda/(2L),0.998608907063802,785338,786432,4.2535662651062,1.06339156627655,0.5,0.7071067811865476,gaussian,6,4,97.880000
noise3_exp/ablation_mne_l2_vs_weight_decay_l16_fc2,noise3_exp/ablation_mne_l2_vs_weight_decay_l16_fc2/fc2_L[2]_ablation_wd_l2_fc2.pth,fc2_L[2]_ablation_wd_l2_fc2.pth,2,16,normal,fc1_output_pre_if1,mean_over_time,0.120263361425491,0.0144632761013583,0.120263475957947,P_tolerant_same_position,|x_noisy-x_clean| < lambda/(2L),0.999951680501302,786394,786432,4.2535662651062,1.06339156627655,0.5,0.7071067811865476,gaussian,6,4,97.880000
noise3_exp/ablation_mne_l2_vs_weight_decay_l16_fc2,noise3_exp/ablation_mne_l2_vs_weight_decay_l16_fc2/fc2_L[2]_ablation_wd_l2_fc2.pth,fc2_L[2]_ablation_wd_l2_fc2.pth,2,32,normal,fc1_output_pre_if1,mean_over_time,0.0852197821724846,0.00726241127352572,0.0852197825232505,P_tolerant_same_position,|x_noisy-x_clean| < lambda/(2L),0.999998728434245,786431,786432,4.2535662651062,1.06339156627655,0.5,0.7071067811865476,gaussian,6,4,97.950000
mnist-checkpoints,mnist-checkpoints/fc2_L[32]_ablation_mne_l2_l32_fc2_rc1em03.pth,fc2_L[32]_ablation_mne_l2_l32_fc2_rc1em03.pth,32,2,normal,fc1_output_pre_if1,mean_over_time,8.24500914846183,67.9801758582192,8.24501935331604,P_tolerant_same_position,|x_noisy-x_clean| < lambda/(2L),0.731882731119792,575576,786432,190.588287353516,2.97794198989868,0.5,0.7071067811865476,gaussian,6,4,94.600000
mnist-checkpoints,mnist-checkpoints/fc2_L[32]_ablation_mne_l2_l32_fc2_rc1em03.pth,fc2_L[32]_ablation_mne_l2_l32_fc2_rc1em03.pth,32,4,normal,fc1_output_pre_if1,mean_over_time,5.80188984550891,33.6619257794194,5.80189101096188,P_tolerant_same_position,|x_noisy-x_clean| < lambda/(2L),0.7547607421875,593568,786432,190.588287353516,2.97794198989868,0.5,0.7071067811865476,gaussian,6,4,97.230000
mnist-checkpoints,mnist-checkpoints/fc2_L[32]_ablation_mne_l2_l32_fc2_rc1em03.pth,fc2_L[32]_ablation_mne_l2_l32_fc2_rc1em03.pth,32,8,normal,fc1_output_pre_if1,mean_over_time,4.12134187846415,16.9854588791824,4.12134606913258,P_tolerant_same_position,|x_noisy-x_clean| < lambda/(2L),0.784858703613281,617238,786432,190.588287353516,2.97794198989868,0.5,0.7071067811865476,gaussian,6,4,97.790000
mnist-checkpoints,mnist-checkpoints/fc2_L[32]_ablation_mne_l2_l32_fc2_rc1em03.pth,fc2_L[32]_ablation_mne_l2_l32_fc2_rc1em03.pth,32,16,normal,fc1_output_pre_if1,mean_over_time,2.91727012739537,8.51046499619342,2.91727171253442,P_tolerant_same_position,|x_noisy-x_clean| < lambda/(2L),0.824231465657552,648202,786432,190.588287353516,2.97794198989868,0.5,0.7071067811865476,gaussian,6,4,97.930000
mnist-checkpoints,mnist-checkpoints/fc2_L[32]_ablation_mne_l2_l32_fc2_rc1em03.pth,fc2_L[32]_ablation_mne_l2_l32_fc2_rc1em03.pth,32,32,normal,fc1_output_pre_if1,mean_over_time,2.06582697158815,4.26764107654108,2.06583320637936,P_tolerant_same_position,|x_noisy-x_clean| < lambda/(2L),0.871402740478516,685299,786432,190.588287353516,2.97794198989868,0.5,0.7071067811865476,gaussian,6,4,98.030000
noise3_exp/ablation_mne_l2_vs_weight_decay_l16_fc2,noise3_exp/ablation_mne_l2_vs_weight_decay_l16_fc2/fc2_L[32]_ablation_none_l32_fc2.pth,fc2_L[32]_ablation_none_l32_fc2.pth,32,2,normal,fc1_output_pre_if1,mean_over_time,9.40765984491919,88.5040637577049,9.40765985376563,P_tolerant_same_position,|x_noisy-x_clean| < lambda/(2L),0.00869496663411458,6838,786432,1.28587257862091,0.0200917590409517,0.5,0.7071067811865476,gaussian,6,4,97.440000
noise3_exp/ablation_mne_l2_vs_weight_decay_l16_fc2,noise3_exp/ablation_mne_l2_vs_weight_decay_l16_fc2/fc2_L[32]_ablation_none_l32_fc2.pth,fc2_L[32]_ablation_none_l32_fc2.pth,32,4,normal,fc1_output_pre_if1,mean_over_time,6.65845627550808,44.3350399728529,6.65848248314301,P_tolerant_same_position,|x_noisy-x_clean| < lambda/(2L),0.0124588012695312,9798,786432,1.28587257862091,0.0200917590409517,0.5,0.7071067811865476,gaussian,6,4,97.500000
noise3_exp/ablation_mne_l2_vs_weight_decay_l16_fc2,noise3_exp/ablation_mne_l2_vs_weight_decay_l16_fc2/fc2_L[32]_ablation_none_l32_fc2.pth,fc2_L[32]_ablation_none_l32_fc2.pth,32,8,normal,fc1_output_pre_if1,mean_over_time,4.70412962878526,22.1288355644154,4.70413055315958,P_tolerant_same_position,|x_noisy-x_clean| < lambda/(2L),0.0173784891764323,13667,786432,1.28587257862091,0.0200917590409517,0.5,0.7071067811865476,gaussian,6,4,97.500000
noise3_exp/ablation_mne_l2_vs_weight_decay_l16_fc2,noise3_exp/ablation_mne_l2_vs_weight_decay_l16_fc2/fc2_L[32]_ablation_none_l32_fc2.pth,fc2_L[32]_ablation_none_l32_fc2.pth,32,16,normal,fc1_output_pre_if1,mean_over_time,3.31838539479495,11.0116816283884,3.3183856055241,P_tolerant_same_position,|x_noisy-x_clean| < lambda/(2L),0.024590810139974,19339,786432,1.28587257862091,0.0200917590409517,0.5,0.7071067811865476,gaussian,6,4,97.510000
noise3_exp/ablation_mne_l2_vs_weight_decay_l16_fc2,noise3_exp/ablation_mne_l2_vs_weight_decay_l16_fc2/fc2_L[32]_ablation_none_l32_fc2.pth,fc2_L[32]_ablation_none_l32_fc2.pth,32,32,normal,fc1_output_pre_if1,mean_over_time,2.35523160551418,5.5471159156129,2.35525244314827,P_tolerant_same_position,|x_noisy-x_clean| < lambda/(2L),0.0347582499186198,27335,786432,1.28587257862091,0.0200917590409517,0.5,0.7071067811865476,gaussian,6,4,97.440000
noise3_exp/ablation_mne_l2_vs_weight_decay_l16_fc2,noise3_exp/ablation_mne_l2_vs_weight_decay_l16_fc2/fc2_L[32]_ablation_wd_l32_fc2.pth,fc2_L[32]_ablation_wd_l32_fc2.pth,32,2,normal,fc1_output_pre_if1,mean_over_time,0.294542624472034,0.0867553576308735,0.294542846948873,P_tolerant_same_position,|x_noisy-x_clean| < lambda/(2L),0.853309631347656,671070,786432,4.93359899520874,0.0770874843001366,0.5,0.7071067811865476,gaussian,6,4,96.880000
noise3_exp/ablation_mne_l2_vs_weight_decay_l16_fc2,noise3_exp/ablation_mne_l2_vs_weight_decay_l16_fc2/fc2_L[32]_ablation_wd_l32_fc2.pth,fc2_L[32]_ablation_wd_l32_fc2.pth,32,4,normal,fc1_output_pre_if1,mean_over_time,0.207352851023074,0.0429952048273972,0.207352873507553,P_tolerant_same_position,|x_noisy-x_clean| < lambda/(2L),0.859130859375,675648,786432,4.93359899520874,0.0770874843001366,0.5,0.7071067811865476,gaussian,6,4,97.560000
noise3_exp/ablation_mne_l2_vs_weight_decay_l16_fc2,noise3_exp/ablation_mne_l2_vs_weight_decay_l16_fc2/fc2_L[32]_ablation_wd_l32_fc2.pth,fc2_L[32]_ablation_wd_l32_fc2.pth,32,8,normal,fc1_output_pre_if1,mean_over_time,0.14690855599731,0.0215821238252149,0.146908594556463,P_tolerant_same_position,|x_noisy-x_clean| < lambda/(2L),0.867156982421875,681960,786432,4.93359899520874,0.0770874843001366,0.5,0.7071067811865476,gaussian,6,4,97.800000
noise3_exp/ablation_mne_l2_vs_weight_decay_l16_fc2,noise3_exp/ablation_mne_l2_vs_weight_decay_l16_fc2/fc2_L[32]_ablation_wd_l32_fc2.pth,fc2_L[32]_ablation_wd_l32_fc2.pth,32,16,normal,fc1_output_pre_if1,mean_over_time,0.103297850904465,0.010670446001481,0.103297887031794,P_tolerant_same_position,|x_noisy-x_clean| < lambda/(2L),0.87804921468099,690526,786432,4.93359899520874,0.0770874843001366,0.5,0.7071067811865476,gaussian,6,4,97.940000
noise3_exp/ablation_mne_l2_vs_weight_decay_l16_fc2,noise3_exp/ablation_mne_l2_vs_weight_decay_l16_fc2/fc2_L[32]_ablation_wd_l32_fc2.pth,fc2_L[32]_ablation_wd_l32_fc2.pth,32,32,normal,fc1_output_pre_if1,mean_over_time,0.0732830109516156,0.00537039969413461,0.0732830152363802,P_tolerant_same_position,|x_noisy-x_clean| < lambda/(2L),0.893260955810547,702489,786432,4.93359899520874,0.0770874843001366,0.5,0.7071067811865476,gaussian,6,4,98.000000
mnist-checkpoints,mnist-checkpoints/fc2_L[4]_ablation_mne_l2_l4_fc2_rc1em03.pth,fc2_L[4]_ablation_mne_l2_l4_fc2_rc1em03.pth,4,2,normal,fc1_output_pre_if1,mean_over_time,7.21703252433976,52.0855584573779,7.21703336927852,P_tolerant_same_position,|x_noisy-x_clean| < lambda/(2L),0.729307810465495,573551,786432,45.2603721618652,5.65754652023315,0.5,0.7071067811865476,gaussian,6,4,97.610000
mnist-checkpoints,mnist-checkpoints/fc2_L[4]_ablation_mne_l2_l4_fc2_rc1em03.pth,fc2_L[4]_ablation_mne_l2_l4_fc2_rc1em03.pth,4,4,normal,fc1_output_pre_if1,mean_over_time,5.11664260906038,26.1800315888522,5.11664279047876,P_tolerant_same_position,|x_noisy-x_clean| < lambda/(2L),0.79748789469401,627170,786432,45.2603721618652,5.65754652023315,0.5,0.7071067811865476,gaussian,6,4,97.920000
mnist-checkpoints,mnist-checkpoints/fc2_L[4]_ablation_mne_l2_l4_fc2_rc1em03.pth,fc2_L[4]_ablation_mne_l2_l4_fc2_rc1em03.pth,4,8,normal,fc1_output_pre_if1,mean_over_time,3.60739952836351,13.0133313572373,3.6074054127641,P_tolerant_same_position,|x_noisy-x_clean| < lambda/(2L),0.873547871907552,686986,786432,45.2603721618652,5.65754652023315,0.5,0.7071067811865476,gaussian,6,4,97.910000
mnist-checkpoints,mnist-checkpoints/fc2_L[4]_ablation_mne_l2_l4_fc2_rc1em03.pth,fc2_L[4]_ablation_mne_l2_l4_fc2_rc1em03.pth,4,16,normal,fc1_output_pre_if1,mean_over_time,2.55244608544037,6.51498101907989,2.55244906523172,P_tolerant_same_position,|x_noisy-x_clean| < lambda/(2L),0.940689086914062,739788,786432,45.2603721618652,5.65754652023315,0.5,0.7071067811865476,gaussian,6,4,98.030000
mnist-checkpoints,mnist-checkpoints/fc2_L[4]_ablation_mne_l2_l4_fc2_rc1em03.pth,fc2_L[4]_ablation_mne_l2_l4_fc2_rc1em03.pth,4,32,normal,fc1_output_pre_if1,mean_over_time,1.80502438389489,3.25811302645512,1.80502915829507,P_tolerant_same_position,|x_noisy-x_clean| < lambda/(2L),0.983389536539714,773369,786432,45.2603721618652,5.65754652023315,0.5,0.7071067811865476,gaussian,6,4,98.070000
noise3_exp/ablation_mne_l2_vs_weight_decay_l16_fc2,noise3_exp/ablation_mne_l2_vs_weight_decay_l16_fc2/fc2_L[4]_ablation_none_l4_fc2.pth,fc2_L[4]_ablation_none_l4_fc2.pth,4,2,normal,fc1_output_pre_if1,mean_over_time,10.597645948632,112.310099652557,10.5976671086879,P_tolerant_same_position,|x_noisy-x_clean| < lambda/(2L),0.0344823201497396,27118,786432,0.844200193881989,0.105525024235249,0.5,0.7071067811865476,gaussian,6,4,97.580000
noise3_exp/ablation_mne_l2_vs_weight_decay_l16_fc2,noise3_exp/ablation_mne_l2_vs_weight_decay_l16_fc2/fc2_L[4]_ablation_none_l4_fc2.pth,fc2_L[4]_ablation_none_l4_fc2.pth,4,4,normal,fc1_output_pre_if1,mean_over_time,7.45284174253638,55.5448500392927,7.45285574308697,P_tolerant_same_position,|x_noisy-x_clean| < lambda/(2L),0.0493609110514323,38819,786432,0.844200193881989,0.105525024235249,0.5,0.7071067811865476,gaussian,6,4,97.680000
noise3_exp/ablation_mne_l2_vs_weight_decay_l16_fc2,noise3_exp/ablation_mne_l2_vs_weight_decay_l16_fc2/fc2_L[4]_ablation_none_l4_fc2.pth,fc2_L[4]_ablation_none_l4_fc2.pth,4,8,normal,fc1_output_pre_if1,mean_over_time,5.27438205481798,27.819106060186,5.27441455973139,P_tolerant_same_position,|x_noisy-x_clean| < lambda/(2L),0.0694185892740885,54593,786432,0.844200193881989,0.105525024235249,0.5,0.7071067811865476,gaussian,6,4,97.670000
noise3_exp/ablation_mne_l2_vs_weight_decay_l16_fc2,noise3_exp/ablation_mne_l2_vs_weight_decay_l16_fc2/fc2_L[4]_ablation_none_l4_fc2.pth,fc2_L[4]_ablation_none_l4_fc2.pth,4,16,normal,fc1_output_pre_if1,mean_over_time,3.74048302457397,13.9912132571261,3.74049071918375,P_tolerant_same_position,|x_noisy-x_clean| < lambda/(2L),0.0967877705891927,76117,786432,0.844200193881989,0.105525024235249,0.5,0.7071067811865476,gaussian,6,4,97.660000
noise3_exp/ablation_mne_l2_vs_weight_decay_l16_fc2,noise3_exp/ablation_mne_l2_vs_weight_decay_l16_fc2/fc2_L[4]_ablation_none_l4_fc2.pth,fc2_L[4]_ablation_none_l4_fc2.pth,4,32,normal,fc1_output_pre_if1,mean_over_time,2.64462916416879,6.99406341597212,2.6446300846866,P_tolerant_same_position,|x_noisy-x_clean| < lambda/(2L),0.137027740478516,107763,786432,0.844200193881989,0.105525024235249,0.5,0.7071067811865476,gaussian,6,4,97.610000
noise3_exp/ablation_mne_l2_vs_weight_decay_l16_fc2,noise3_exp/ablation_mne_l2_vs_weight_decay_l16_fc2/fc2_L[4]_ablation_wd_l4_fc2.pth,fc2_L[4]_ablation_wd_l4_fc2.pth,4,2,normal,fc1_output_pre_if1,mean_over_time,0.308155969494189,0.0949601015349035,0.308156037551121,P_tolerant_same_position,|x_noisy-x_clean| < lambda/(2L),0.926163991292318,728365,786432,4.65315866470337,0.581644833087921,0.5,0.7071067811865476,gaussian,6,4,97.080000
noise3_exp/ablation_mne_l2_vs_weight_decay_l16_fc2,noise3_exp/ablation_mne_l2_vs_weight_decay_l16_fc2/fc2_L[4]_ablation_wd_l4_fc2.pth,fc2_L[4]_ablation_wd_l4_fc2.pth,4,4,normal,fc1_output_pre_if1,mean_over_time,0.21789362127591,0.0474776301927296,0.217893960201064,P_tolerant_same_position,|x_noisy-x_clean| < lambda/(2L),0.955553690592448,751478,786432,4.65315866470337,0.581644833087921,0.5,0.7071067811865476,gaussian,6,4,97.970000
noise3_exp/ablation_mne_l2_vs_weight_decay_l16_fc2,noise3_exp/ablation_mne_l2_vs_weight_decay_l16_fc2/fc2_L[4]_ablation_wd_l4_fc2.pth,fc2_L[4]_ablation_wd_l4_fc2.pth,4,8,normal,fc1_output_pre_if1,mean_over_time,0.154586460780374,0.023896973856602,0.154586475198657,P_tolerant_same_position,|x_noisy-x_clean| < lambda/(2L),0.98049799601237,771095,786432,4.65315866470337,0.581644833087921,0.5,0.7071067811865476,gaussian,6,4,97.980000
noise3_exp/ablation_mne_l2_vs_weight_decay_l16_fc2,noise3_exp/ablation_mne_l2_vs_weight_decay_l16_fc2/fc2_L[4]_ablation_wd_l4_fc2.pth,fc2_L[4]_ablation_wd_l4_fc2.pth,4,16,normal,fc1_output_pre_if1,mean_over_time,0.10892295825894,0.0118642108358789,0.10892305797703,P_tolerant_same_position,|x_noisy-x_clean| < lambda/(2L),0.995269775390625,782712,786432,4.65315866470337,0.581644833087921,0.5,0.7071067811865476,gaussian,6,4,98.010000
noise3_exp/ablation_mne_l2_vs_weight_decay_l16_fc2,noise3_exp/ablation_mne_l2_vs_weight_decay_l16_fc2/fc2_L[4]_ablation_wd_l4_fc2.pth,fc2_L[4]_ablation_wd_l4_fc2.pth,4,32,normal,fc1_output_pre_if1,mean_over_time,0.0774022199529835,0.00599110365365003,0.0774022269576962,P_tolerant_same_position,|x_noisy-x_clean| < lambda/(2L),0.99957275390625,786096,786432,4.65315866470337,0.581644833087921,0.5,0.7071067811865476,gaussian,6,4,98.020000
mnist-checkpoints,mnist-checkpoints/fc2_L[8]_ablation_mne_l2_l8_fc2_rc1em03.pth,fc2_L[8]_ablation_mne_l2_l8_fc2_rc1em03.pth,8,2,normal,fc1_output_pre_if1,mean_over_time,7.17197836127005,51.4372736145258,7.17199445415849,P_tolerant_same_position,|x_noisy-x_clean| < lambda/(2L),0.74078114827474,582574,786432,74.5381240844727,4.65863275527954,0.5,0.7071067811865476,gaussian,6,4,97.170000
mnist-checkpoints,mnist-checkpoints/fc2_L[8]_ablation_mne_l2_l8_fc2_rc1em03.pth,fc2_L[8]_ablation_mne_l2_l8_fc2_rc1em03.pth,8,4,normal,fc1_output_pre_if1,mean_over_time,5.05308440110658,25.5336619647067,5.05308855680977,P_tolerant_same_position,|x_noisy-x_clean| < lambda/(2L),0.787951151529948,619670,786432,74.5381240844727,4.65863275527954,0.5,0.7071067811865476,gaussian,6,4,97.730000
mnist-checkpoints,mnist-checkpoints/fc2_L[8]_ablation_mne_l2_l8_fc2_rc1em03.pth,fc2_L[8]_ablation_mne_l2_l8_fc2_rc1em03.pth,8,8,normal,fc1_output_pre_if1,mean_over_time,3.58952798338292,12.8847111434891,3.58952899116094,P_tolerant_same_position,|x_noisy-x_clean| < lambda/(2L),0.843460083007812,663324,786432,74.5381240844727,4.65863275527954,0.5,0.7071067811865476,gaussian,6,4,98.060000
mnist-checkpoints,mnist-checkpoints/fc2_L[8]_ablation_mne_l2_l8_fc2_rc1em03.pth,fc2_L[8]_ablation_mne_l2_l8_fc2_rc1em03.pth,8,16,normal,fc1_output_pre_if1,mean_over_time,2.52723787739163,6.38693128892298,2.5272385675082,P_tolerant_same_position,|x_noisy-x_clean| < lambda/(2L),0.906233469645182,712691,786432,74.5381240844727,4.65863275527954,0.5,0.7071067811865476,gaussian,6,4,97.940000
mnist-checkpoints,mnist-checkpoints/fc2_L[8]_ablation_mne_l2_l8_fc2_rc1em03.pth,fc2_L[8]_ablation_mne_l2_l8_fc2_rc1em03.pth,8,32,normal,fc1_output_pre_if1,mean_over_time,1.79637474493474,3.22696222423937,1.79637476274321,P_tolerant_same_position,|x_noisy-x_clean| < lambda/(2L),0.958688100179036,753943,786432,74.5381240844727,4.65863275527954,0.5,0.7071067811865476,gaussian,6,4,98.030000
noise3_exp/ablation_mne_l2_vs_weight_decay_l16_fc2,noise3_exp/ablation_mne_l2_vs_weight_decay_l16_fc2/fc2_L[8]_ablation_none_l8_fc2.pth,fc2_L[8]_ablation_none_l8_fc2.pth,8,2,normal,fc1_output_pre_if1,mean_over_time,8.78981136273201,77.2607837924127,8.78981574101566,P_tolerant_same_position,|x_noisy-x_clean| < lambda/(2L),0.183149973551432,144035,786432,7.14463996887207,0.446539998054504,0.5,0.7071067811865476,gaussian,6,4,97.640000
noise3_exp/ablation_mne_l2_vs_weight_decay_l16_fc2,noise3_exp/ablation_mne_l2_vs_weight_decay_l16_fc2/fc2_L[8]_ablation_none_l8_fc2.pth,fc2_L[8]_ablation_none_l8_fc2.pth,8,4,normal,fc1_output_pre_if1,mean_over_time,6.21857017663622,38.6706150417494,6.21857140314971,P_tolerant_same_position,|x_noisy-x_clean| < lambda/(2L),0.252915700276693,198901,786432,7.14463996887207,0.446539998054504,0.5,0.7071067811865476,gaussian,6,4,97.760000
noise3_exp/ablation_mne_l2_vs_weight_decay_l16_fc2,noise3_exp/ablation_mne_l2_vs_weight_decay_l16_fc2/fc2_L[8]_ablation_none_l8_fc2.pth,fc2_L[8]_ablation_none_l8_fc2.pth,8,8,normal,fc1_output_pre_if1,mean_over_time,4.40431980368188,19.3980329331044,4.40432850670575,P_tolerant_same_position,|x_noisy-x_clean| < lambda/(2L),0.335793813069661,264079,786432,7.14463996887207,0.446539998054504,0.5,0.7071067811865476,gaussian,6,4,97.950000
noise3_exp/ablation_mne_l2_vs_weight_decay_l16_fc2,noise3_exp/ablation_mne_l2_vs_weight_decay_l16_fc2/fc2_L[8]_ablation_none_l8_fc2.pth,fc2_L[8]_ablation_none_l8_fc2.pth,8,16,normal,fc1_output_pre_if1,mean_over_time,3.10695785761385,9.65318712898844,3.10695903215511,P_tolerant_same_position,|x_noisy-x_clean| < lambda/(2L),0.428577423095703,337047,786432,7.14463996887207,0.446539998054504,0.5,0.7071067811865476,gaussian,6,4,97.890000
noise3_exp/ablation_mne_l2_vs_weight_decay_l16_fc2,noise3_exp/ablation_mne_l2_vs_weight_decay_l16_fc2/fc2_L[8]_ablation_none_l8_fc2.pth,fc2_L[8]_ablation_none_l8_fc2.pth,8,32,normal,fc1_output_pre_if1,mean_over_time,2.19643845580354,4.82434189013264,2.19645789551811,P_tolerant_same_position,|x_noisy-x_clean| < lambda/(2L),0.511370340983073,402158,786432,7.14463996887207,0.446539998054504,0.5,0.7071067811865476,gaussian,6,4,97.880000
noise3_exp/ablation_mne_l2_vs_weight_decay_l16_fc2,noise3_exp/ablation_mne_l2_vs_weight_decay_l16_fc2/fc2_L[8]_ablation_wd_l8_fc2.pth,fc2_L[8]_ablation_wd_l8_fc2.pth,8,2,normal,fc1_output_pre_if1,mean_over_time,0.300283220204161,0.0901700123361808,0.30028352593356,P_tolerant_same_position,|x_noisy-x_clean| < lambda/(2L),0.883686065673828,694959,786432,4.87990665435791,0.304994165897369,0.5,0.7071067811865476,gaussian,6,4,96.880000
noise3_exp/ablation_mne_l2_vs_weight_decay_l16_fc2,noise3_exp/ablation_mne_l2_vs_weight_decay_l16_fc2/fc2_L[8]_ablation_wd_l8_fc2.pth,fc2_L[8]_ablation_wd_l8_fc2.pth,8,4,normal,fc1_output_pre_if1,mean_over_time,0.2121935305144,0.0450260943921655,0.212193547587177,P_tolerant_same_position,|x_noisy-x_clean| < lambda/(2L),0.906077067057292,712568,786432,4.87990665435791,0.304994165897369,0.5,0.7071067811865476,gaussian,6,4,97.580000
noise3_exp/ablation_mne_l2_vs_weight_decay_l16_fc2,noise3_exp/ablation_mne_l2_vs_weight_decay_l16_fc2/fc2_L[8]_ablation_wd_l8_fc2.pth,fc2_L[8]_ablation_wd_l8_fc2.pth,8,8,normal,fc1_output_pre_if1,mean_over_time,0.150140008807754,0.0225420222447924,0.150140019667894,P_tolerant_same_position,|x_noisy-x_clean| < lambda/(2L),0.932718912760417,733520,786432,4.87990665435791,0.304994165897369,0.5,0.7071067811865476,gaussian,6,4,97.960000
noise3_exp/ablation_mne_l2_vs_weight_decay_l16_fc2,noise3_exp/ablation_mne_l2_vs_weight_decay_l16_fc2/fc2_L[8]_ablation_wd_l8_fc2.pth,fc2_L[8]_ablation_wd_l8_fc2.pth,8,16,normal,fc1_output_pre_if1,mean_over_time,0.105860518400448,0.0112064493560115,0.105860522628795,P_tolerant_same_position,|x_noisy-x_clean| < lambda/(2L),0.961353302001953,756039,786432,4.87990665435791,0.304994165897369,0.5,0.7071067811865476,gaussian,6,4,97.940000
noise3_exp/ablation_mne_l2_vs_weight_decay_l16_fc2,noise3_exp/ablation_mne_l2_vs_weight_decay_l16_fc2/fc2_L[8]_ablation_wd_l8_fc2.pth,fc2_L[8]_ablation_wd_l8_fc2.pth,8,32,normal,fc1_output_pre_if1,mean_over_time,0.074869941023425,0.00560550806885113,0.0748699665499455,P_tolerant_same_position,|x_noisy-x_clean| < lambda/(2L),0.984516143798828,774255,786432,4.87990665435791,0.304994165897369,0.5,0.7071067811865476,gaussian,6,4,97.890000
mnist-checkpoints,mnist-checkpoints/fc2_h128_L[16]_ablation_mne_l2_l16_fc2_h128_rc1em03.pth,fc2_h128_L[16]_ablation_mne_l2_l16_fc2_h128_rc1em03.pth,16,2,normal,fc1_output_pre_if1,mean_over_time,10.7989432058393,116.617174362943,10.7989443881227,P_tolerant_same_position,|x_noisy-x_clean| < lambda/(2L),0.585169474283854,230098,393216,174.294998168945,5.44671869277954,0.5,0.7071067811865476,gaussian,6,4,93.960000
mnist-checkpoints,mnist-checkpoints/fc2_h128_L[16]_ablation_mne_l2_l16_fc2_h128_rc1em03.pth,fc2_h128_L[16]_ablation_mne_l2_l16_fc2_h128_rc1em03.pth,16,4,normal,fc1_output_pre_if1,mean_over_time,7.62289456944651,58.1085216168972,7.622910155858,P_tolerant_same_position,|x_noisy-x_clean| < lambda/(2L),0.657371520996094,258489,393216,174.294998168945,5.44671869277954,0.5,0.7071067811865476,gaussian,6,4,97.140000
mnist-checkpoints,mnist-checkpoints/fc2_h128_L[16]_ablation_mne_l2_l16_fc2_h128_rc1em03.pth,fc2_h128_L[16]_ablation_mne_l2_l16_fc2_h128_rc1em03.pth,16,8,normal,fc1_output_pre_if1,mean_over_time,5.40230441688941,29.1848930127428,5.4023078040129,P_tolerant_same_position,|x_noisy-x_clean| < lambda/(2L),0.74609120686849,293375,393216,174.294998168945,5.44671869277954,0.5,0.7071067811865476,gaussian,6,4,97.740000
mnist-checkpoints,mnist-checkpoints/fc2_h128_L[16]_ablation_mne_l2_l16_fc2_h128_rc1em03.pth,fc2_h128_L[16]_ablation_mne_l2_l16_fc2_h128_rc1em03.pth,16,16,normal,fc1_output_pre_if1,mean_over_time,3.81909758793396,14.585506386163,3.81910856658194,P_tolerant_same_position,|x_noisy-x_clean| < lambda/(2L),0.844029744466146,331886,393216,174.294998168945,5.44671869277954,0.5,0.7071067811865476,gaussian,6,4,98.070000
mnist-checkpoints,mnist-checkpoints/fc2_h128_L[16]_ablation_mne_l2_l16_fc2_h128_rc1em03.pth,fc2_h128_L[16]_ablation_mne_l2_l16_fc2_h128_rc1em03.pth,16,32,normal,fc1_output_pre_if1,mean_over_time,2.70342301692901,7.30849600846154,2.70344586755703,P_tolerant_same_position,|x_noisy-x_clean| < lambda/(2L),0.930323282877604,365818,393216,174.294998168945,5.44671869277954,0.5,0.7071067811865476,gaussian,6,4,98.010000
noise3_exp/ablation_mne_l2_vs_weight_decay_l16_fc2_h128,noise3_exp/ablation_mne_l2_vs_weight_decay_l16_fc2_h128/fc2_h128_L[16]_ablation_none_l16_fc2_h128.pth,fc2_h128_L[16]_ablation_none_l16_fc2_h128.pth,16,2,normal,fc1_output_pre_if1,mean_over_time,12.3847945603028,153.383136300906,12.3848448616817,P_tolerant_same_position,|x_noisy-x_clean| < lambda/(2L),0.0155054728190104,6097,393216,2.18929147720337,0.0684153586626053,0.5,0.7071067811865476,gaussian,6,4,97.430000
noise3_exp/ablation_mne_l2_vs_weight_decay_l16_fc2_h128,noise3_exp/ablation_mne_l2_vs_weight_decay_l16_fc2_h128/fc2_h128_L[16]_ablation_none_l16_fc2_h128.pth,fc2_h128_L[16]_ablation_none_l16_fc2_h128.pth,16,4,normal,fc1_output_pre_if1,mean_over_time,8.79794655129967,77.4038635195258,8.79796548863411,P_tolerant_same_position,|x_noisy-x_clean| < lambda/(2L),0.0221074422200521,8693,393216,2.18929147720337,0.0684153586626053,0.5,0.7071067811865476,gaussian,6,4,97.560000
noise3_exp/ablation_mne_l2_vs_weight_decay_l16_fc2_h128,noise3_exp/ablation_mne_l2_vs_weight_decay_l16_fc2_h128/fc2_h128_L[16]_ablation_none_l16_fc2_h128.pth,fc2_h128_L[16]_ablation_none_l16_fc2_h128.pth,16,8,normal,fc1_output_pre_if1,mean_over_time,6.2015786696762,38.4595779961828,6.20158165886853,P_tolerant_same_position,|x_noisy-x_clean| < lambda/(2L),0.03118896484375,12264,393216,2.18929147720337,0.0684153586626053,0.5,0.7071067811865476,gaussian,6,4,97.630000
noise3_exp/ablation_mne_l2_vs_weight_decay_l16_fc2_h128,noise3_exp/ablation_mne_l2_vs_weight_decay_l16_fc2_h128/fc2_h128_L[16]_ablation_none_l16_fc2_h128.pth,fc2_h128_L[16]_ablation_none_l16_fc2_h128.pth,16,16,normal,fc1_output_pre_if1,mean_over_time,4.38215127123769,19.2032497640101,4.38221773859439,P_tolerant_same_position,|x_noisy-x_clean| < lambda/(2L),0.0445454915364583,17516,393216,2.18929147720337,0.0684153586626053,0.5,0.7071067811865476,gaussian,6,4,97.640000
noise3_exp/ablation_mne_l2_vs_weight_decay_l16_fc2_h128,noise3_exp/ablation_mne_l2_vs_weight_decay_l16_fc2_h128/fc2_h128_L[16]_ablation_none_l16_fc2_h128.pth,fc2_h128_L[16]_ablation_none_l16_fc2_h128.pth,16,32,normal,fc1_output_pre_if1,mean_over_time,3.10490369985642,9.64042698538209,3.10494293303781,P_tolerant_same_position,|x_noisy-x_clean| < lambda/(2L),0.0623245239257812,24507,393216,2.18929147720337,0.0684153586626053,0.5,0.7071067811865476,gaussian,6,4,97.560000
noise3_exp/ablation_mne_l2_vs_weight_decay_l16_fc2_h128,noise3_exp/ablation_mne_l2_vs_weight_decay_l16_fc2_h128/fc2_h128_L[16]_ablation_wd_l16_fc2_h128.pth,fc2_h128_L[16]_ablation_wd_l16_fc2_h128.pth,16,2,normal,fc1_output_pre_if1,mean_over_time,0.400467794780201,0.160374454656118,0.400467807804884,P_tolerant_same_position,|x_noisy-x_clean| < lambda/(2L),0.737012227376302,289805,393216,4.96235513687134,0.155073598027229,0.5,0.7071067811865476,gaussian,6,4,96.810000
noise3_exp/ablation_mne_l2_vs_weight_decay_l16_fc2_h128,noise3_exp/ablation_mne_l2_vs_weight_decay_l16_fc2_h128/fc2_h128_L[16]_ablation_wd_l16_fc2_h128.pth,fc2_h128_L[16]_ablation_wd_l16_fc2_h128.pth,16,4,normal,fc1_output_pre_if1,mean_over_time,0.283765161200435,0.0805226667111091,0.28376558453503,P_tolerant_same_position,|x_noisy-x_clean| < lambda/(2L),0.759422302246094,298617,393216,4.96235513687134,0.155073598027229,0.5,0.7071067811865476,gaussian,6,4,97.570000
noise3_exp/ablation_mne_l2_vs_weight_decay_l16_fc2_h128,noise3_exp/ablation_mne_l2_vs_weight_decay_l16_fc2_h128/fc2_h128_L[16]_ablation_wd_l16_fc2_h128.pth,fc2_h128_L[16]_ablation_wd_l16_fc2_h128.pth,16,8,normal,fc1_output_pre_if1,mean_over_time,0.199831868166138,0.0399327755347689,0.199832005869042,P_tolerant_same_position,|x_noisy-x_clean| < lambda/(2L),0.790603637695312,310878,393216,4.96235513687134,0.155073598027229,0.5,0.7071067811865476,gaussian,6,4,97.890000
noise3_exp/ablation_mne_l2_vs_weight_decay_l16_fc2_h128,noise3_exp/ablation_mne_l2_vs_weight_decay_l16_fc2_h128/fc2_h128_L[16]_ablation_wd_l16_fc2_h128.pth,fc2_h128_L[16]_ablation_wd_l16_fc2_h128.pth,16,16,normal,fc1_output_pre_if1,mean_over_time,0.141685391799797,0.0200747502494619,0.141685602582007,P_tolerant_same_position,|x_noisy-x_clean| < lambda/(2L),0.83196767171224,327143,393216,4.96235513687134,0.155073598027229,0.5,0.7071067811865476,gaussian,6,4,97.930000
noise3_exp/ablation_mne_l2_vs_weight_decay_l16_fc2_h128,noise3_exp/ablation_mne_l2_vs_weight_decay_l16_fc2_h128/fc2_h128_L[16]_ablation_wd_l16_fc2_h128.pth,fc2_h128_L[16]_ablation_wd_l16_fc2_h128.pth,16,32,normal,fc1_output_pre_if1,mean_over_time,0.100486964493829,0.0100976300331841,0.10048697365422,P_tolerant_same_position,|x_noisy-x_clean| < lambda/(2L),0.880264282226562,346134,393216,4.96235513687134,0.155073598027229,0.5,0.7071067811865476,gaussian,6,4,97.890000
mnist-checkpoints,mnist-checkpoints/fc2_h128_L[2]_ablation_mne_l2_l2_fc2_h128_rc1em03.pth,fc2_h128_L[2]_ablation_mne_l2_l2_fc2_h128_rc1em03.pth,2,2,normal,fc1_output_pre_if1,mean_over_time,9.30602715127289,86.6021413402283,9.30619648170155,P_tolerant_same_position,|x_noisy-x_clean| < lambda/(2L),0.613395690917969,241197,393216,28.0256824493408,7.00642061233521,0.5,0.7071067811865476,gaussian,6,4,97.860000
mnist-checkpoints,mnist-checkpoints/fc2_h128_L[2]_ablation_mne_l2_l2_fc2_h128_rc1em03.pth,fc2_h128_L[2]_ablation_mne_l2_l2_fc2_h128_rc1em03.pth,2,4,normal,fc1_output_pre_if1,mean_over_time,6.58448843648564,43.3554879702131,6.58448924608395,P_tolerant_same_position,|x_noisy-x_clean| < lambda/(2L),0.73590087890625,289368,393216,28.0256824493408,7.00642061233521,0.5,0.7071067811865476,gaussian,6,4,98.180000
mnist-checkpoints,mnist-checkpoints/fc2_h128_L[2]_ablation_mne_l2_l2_fc2_h128_rc1em03.pth,fc2_h128_L[2]_ablation_mne_l2_l2_fc2_h128_rc1em03.pth,2,8,normal,fc1_output_pre_if1,mean_over_time,4.65399558610211,21.6596749154579,4.65402467192878,P_tolerant_same_position,|x_noisy-x_clean| < lambda/(2L),0.85955556233724,337991,393216,28.0256824493408,7.00642061233521,0.5,0.7071067811865476,gaussian,6,4,98.180000
mnist-checkpoints,mnist-checkpoints/fc2_h128_L[2]_ablation_mne_l2_l2_fc2_h128_rc1em03.pth,fc2_h128_L[2]_ablation_mne_l2_l2_fc2_h128_rc1em03.pth,2,16,normal,fc1_output_pre_if1,mean_over_time,3.30953386419017,10.9530143982215,3.30953452686673,P_tolerant_same_position,|x_noisy-x_clean| < lambda/(2L),0.950543721516927,373769,393216,28.0256824493408,7.00642061233521,0.5,0.7071067811865476,gaussian,6,4,98.210000
mnist-checkpoints,mnist-checkpoints/fc2_h128_L[2]_ablation_mne_l2_l2_fc2_h128_rc1em03.pth,fc2_h128_L[2]_ablation_mne_l2_l2_fc2_h128_rc1em03.pth,2,32,normal,fc1_output_pre_if1,mean_over_time,2.32886871678608,5.42362950002483,2.32886910121517,P_tolerant_same_position,|x_noisy-x_clean| < lambda/(2L),0.992365519205729,390214,393216,28.0256824493408,7.00642061233521,0.5,0.7071067811865476,gaussian,6,4,98.220000
noise3_exp/ablation_mne_l2_vs_weight_decay_l16_fc2_h128,noise3_exp/ablation_mne_l2_vs_weight_decay_l16_fc2_h128/fc2_h128_L[2]_ablation_none_l2_fc2_h128.pth,fc2_h128_L[2]_ablation_none_l2_fc2_h128.pth,2,2,normal,fc1_output_pre_if1,mean_over_time,12.9539885534681,167.805819443382,12.9540137218838,P_tolerant_same_position,|x_noisy-x_clean| < lambda/(2L),0.176531473795573,69415,393216,4.78099822998047,1.19524955749512,0.5,0.7071067811865476,gaussian,6,4,97.800000
noise3_exp/ablation_mne_l2_vs_weight_decay_l16_fc2_h128,noise3_exp/ablation_mne_l2_vs_weight_decay_l16_fc2_h128/fc2_h128_L[2]_ablation_none_l2_fc2_h128.pth,fc2_h128_L[2]_ablation_none_l2_fc2_h128.pth,2,4,normal,fc1_output_pre_if1,mean_over_time,9.15769784451088,83.8634298113593,9.15769790814633,P_tolerant_same_position,|x_noisy-x_clean| < lambda/(2L),0.222450256347656,87471,393216,4.78099822998047,1.19524955749512,0.5,0.7071067811865476,gaussian,6,4,97.810000
noise3_exp/ablation_mne_l2_vs_weight_decay_l16_fc2_h128,noise3_exp/ablation_mne_l2_vs_weight_decay_l16_fc2_h128/fc2_h128_L[2]_ablation_none_l2_fc2_h128.pth,fc2_h128_L[2]_ablation_none_l2_fc2_h128.pth,2,8,normal,fc1_output_pre_if1,mean_over_time,6.49174371469703,42.1427364573084,6.49174649193996,P_tolerant_same_position,|x_noisy-x_clean| < lambda/(2L),0.269404093424479,105934,393216,4.78099822998047,1.19524955749512,0.5,0.7071067811865476,gaussian,6,4,97.880000
noise3_exp/ablation_mne_l2_vs_weight_decay_l16_fc2_h128,noise3_exp/ablation_mne_l2_vs_weight_decay_l16_fc2_h128/fc2_h128_L[2]_ablation_none_l2_fc2_h128.pth,fc2_h128_L[2]_ablation_none_l2_fc2_h128.pth,2,16,normal,fc1_output_pre_if1,mean_over_time,4.57941499486053,20.9710416951535,4.57942732340147,P_tolerant_same_position,|x_noisy-x_clean| < lambda/(2L),0.321751912434896,126518,393216,4.78099822998047,1.19524955749512,0.5,0.7071067811865476,gaussian,6,4,97.870000
noise3_exp/ablation_mne_l2_vs_weight_decay_l16_fc2_h128,noise3_exp/ablation_mne_l2_vs_weight_decay_l16_fc2_h128/fc2_h128_L[2]_ablation_none_l2_fc2_h128.pth,fc2_h128_L[2]_ablation_none_l2_fc2_h128.pth,2,32,normal,fc1_output_pre_if1,mean_over_time,3.23671785253079,10.4763424568915,3.236744183425,P_tolerant_same_position,|x_noisy-x_clean| < lambda/(2L),0.389760335286458,153260,393216,4.78099822998047,1.19524955749512,0.5,0.7071067811865476,gaussian,6,4,97.860000
noise3_exp/ablation_mne_l2_vs_weight_decay_l16_fc2_h128,noise3_exp/ablation_mne_l2_vs_weight_decay_l16_fc2_h128/fc2_h128_L[2]_ablation_wd_l2_fc2_h128.pth,fc2_h128_L[2]_ablation_wd_l2_fc2_h128.pth,2,2,normal,fc1_output_pre_if1,mean_over_time,0.448330563314398,0.201000294001806,0.448331038008351,P_tolerant_same_position,|x_noisy-x_clean| < lambda/(2L),0.941497802734375,370212,393216,4.08556652069092,1.02139163017273,0.5,0.7071067811865476,gaussian,6,4,97.370000
noise3_exp/ablation_mne_l2_vs_weight_decay_l16_fc2_h128,noise3_exp/ablation_mne_l2_vs_weight_decay_l16_fc2_h128/fc2_h128_L[2]_ablation_wd_l2_fc2_h128.pth,fc2_h128_L[2]_ablation_wd_l2_fc2_h128.pth,2,4,normal,fc1_output_pre_if1,mean_over_time,0.316042273144835,0.0998827184145547,0.316042358716043,P_tolerant_same_position,|x_noisy-x_clean| < lambda/(2L),0.983136494954427,386585,393216,4.08556652069092,1.02139163017273,0.5,0.7071067811865476,gaussian,6,4,97.620000
noise3_exp/ablation_mne_l2_vs_weight_decay_l16_fc2_h128,noise3_exp/ablation_mne_l2_vs_weight_decay_l16_fc2_h128/fc2_h128_L[2]_ablation_wd_l2_fc2_h128.pth,fc2_h128_L[2]_ablation_wd_l2_fc2_h128.pth,2,8,normal,fc1_output_pre_if1,mean_over_time,0.224343504907159,0.0503300081940283,0.224343504975951,P_tolerant_same_position,|x_noisy-x_clean| < lambda/(2L),0.99792734781901,392401,393216,4.08556652069092,1.02139163017273,0.5,0.7071067811865476,gaussian,6,4,97.750000
noise3_exp/ablation_mne_l2_vs_weight_decay_l16_fc2_h128,noise3_exp/ablation_mne_l2_vs_weight_decay_l16_fc2_h128/fc2_h128_L[2]_ablation_wd_l2_fc2_h128.pth,fc2_h128_L[2]_ablation_wd_l2_fc2_h128.pth,2,16,normal,fc1_output_pre_if1,mean_over_time,0.158158819776269,0.0250142122730223,0.158158819790132,P_tolerant_same_position,|x_noisy-x_clean| < lambda/(2L),0.999918619791667,393184,393216,4.08556652069092,1.02139163017273,0.5,0.7071067811865476,gaussian,6,4,97.850000
noise3_exp/ablation_mne_l2_vs_weight_decay_l16_fc2_h128,noise3_exp/ablation_mne_l2_vs_weight_decay_l16_fc2_h128/fc2_h128_L[2]_ablation_wd_l2_fc2_h128.pth,fc2_h128_L[2]_ablation_wd_l2_fc2_h128.pth,2,32,normal,fc1_output_pre_if1,mean_over_time,0.112059250252998,0.012557275567264,0.112059321185565,P_tolerant_same_position,|x_noisy-x_clean| < lambda/(2L),1,393216,393216,4.08556652069092,1.02139163017273,0.5,0.7071067811865476,gaussian,6,4,97.830000
mnist-checkpoints,mnist-checkpoints/fc2_h128_L[32]_ablation_mne_l2_l32_fc2_h128_rc1em03.pth,fc2_h128_L[32]_ablation_mne_l2_l32_fc2_h128_rc1em03.pth,32,2,normal,fc1_output_pre_if1,mean_over_time,9.78819509093353,95.8087631381752,9.78820978922545,P_tolerant_same_position,|x_noisy-x_clean| < lambda/(2L),0.535497029622396,210566,393216,196.571334838867,3.0714271068573,0.5,0.7071067811865476,gaussian,6,4,93.820000
mnist-checkpoints,mnist-checkpoints/fc2_h128_L[32]_ablation_mne_l2_l32_fc2_h128_rc1em03.pth,fc2_h128_L[32]_ablation_mne_l2_l32_fc2_h128_rc1em03.pth,32,4,normal,fc1_output_pre_if1,mean_over_time,6.90315697797753,47.6535762625999,6.90317443903633,P_tolerant_same_position,|x_noisy-x_clean| < lambda/(2L),0.580558776855469,228285,393216,196.571334838867,3.0714271068573,0.5,0.7071067811865476,gaussian,6,4,95.970000
mnist-checkpoints,mnist-checkpoints/fc2_h128_L[32]_ablation_mne_l2_l32_fc2_h128_rc1em03.pth,fc2_h128_L[32]_ablation_mne_l2_l32_fc2_h128_rc1em03.pth,32,8,normal,fc1_output_pre_if1,mean_over_time,4.87694118676925,23.7845553392063,4.87694764967654,P_tolerant_same_position,|x_noisy-x_clean| < lambda/(2L),0.641634623209635,252301,393216,196.571334838867,3.0714271068573,0.5,0.7071067811865476,gaussian,6,4,97.680000
mnist-checkpoints,mnist-checkpoints/fc2_h128_L[32]_ablation_mne_l2_l32_fc2_h128_rc1em03.pth,fc2_h128_L[32]_ablation_mne_l2_l32_fc2_h128_rc1em03.pth,32,16,normal,fc1_output_pre_if1,mean_over_time,3.44352552472936,11.8578680394626,3.44352839749819,P_tolerant_same_position,|x_noisy-x_clean| < lambda/(2L),0.719571431477865,282947,393216,196.571334838867,3.0714271068573,0.5,0.7071067811865476,gaussian,6,4,97.950000
mnist-checkpoints,mnist-checkpoints/fc2_h128_L[32]_ablation_mne_l2_l32_fc2_h128_rc1em03.pth,fc2_h128_L[32]_ablation_mne_l2_l32_fc2_h128_rc1em03.pth,32,32,normal,fc1_output_pre_if1,mean_over_time,2.4489584927752,5.99739769933576,2.44896061868911,P_tolerant_same_position,|x_noisy-x_clean| < lambda/(2L),0.809608459472656,318351,393216,196.571334838867,3.0714271068573,0.5,0.7071067811865476,gaussian,6,4,97.990000
noise3_exp/ablation_mne_l2_vs_weight_decay_l16_fc2_h128,noise3_exp/ablation_mne_l2_vs_weight_decay_l16_fc2_h128/fc2_h128_L[32]_ablation_none_l32_fc2_h128.pth,fc2_h128_L[32]_ablation_none_l32_fc2_h128.pth,32,2,normal,fc1_output_pre_if1,mean_over_time,12.8851961049805,166.028278663806,12.8852048757299,P_tolerant_same_position,|x_noisy-x_clean| < lambda/(2L),0.00387064615885417,1522,393216,1.2381078004837,0.0193454343825579,0.5,0.7071067811865476,gaussian,6,4,97.180000
noise3_exp/ablation_mne_l2_vs_weight_decay_l16_fc2_h128,noise3_exp/ablation_mne_l2_vs_weight_decay_l16_fc2_h128/fc2_h128_L[32]_ablation_none_l32_fc2_h128.pth,fc2_h128_L[32]_ablation_none_l32_fc2_h128.pth,32,4,normal,fc1_output_pre_if1,mean_over_time,9.08839999117497,82.5990143995892,9.08840215333614,P_tolerant_same_position,|x_noisy-x_clean| < lambda/(2L),0.00565846761067708,2225,393216,1.2381078004837,0.0193454343825579,0.5,0.7071067811865476,gaussian,6,4,97.460000
noise3_exp/ablation_mne_l2_vs_weight_decay_l16_fc2_h128,noise3_exp/ablation_mne_l2_vs_weight_decay_l16_fc2_h128/fc2_h128_L[32]_ablation_none_l32_fc2_h128.pth,fc2_h128_L[32]_ablation_none_l32_fc2_h128.pth,32,8,normal,fc1_output_pre_if1,mean_over_time,6.42576580303739,41.2904661554847,6.42576839982963,P_tolerant_same_position,|x_noisy-x_clean| < lambda/(2L),0.00786081949869792,3091,393216,1.2381078004837,0.0193454343825579,0.5,0.7071067811865476,gaussian,6,4,97.560000
noise3_exp/ablation_mne_l2_vs_weight_decay_l16_fc2_h128,noise3_exp/ablation_mne_l2_vs_weight_decay_l16_fc2_h128/fc2_h128_L[32]_ablation_none_l32_fc2_h128.pth,fc2_h128_L[32]_ablation_none_l32_fc2_h128.pth,32,16,normal,fc1_output_pre_if1,mean_over_time,4.54469449828925,20.6542480827805,4.54472096426287,P_tolerant_same_position,|x_noisy-x_clean| < lambda/(2L),0.0115381876627604,4537,393216,1.2381078004837,0.0193454343825579,0.5,0.7071067811865476,gaussian,6,4,97.570000
noise3_exp/ablation_mne_l2_vs_weight_decay_l16_fc2_h128,noise3_exp/ablation_mne_l2_vs_weight_decay_l16_fc2_h128/fc2_h128_L[32]_ablation_none_l32_fc2_h128.pth,fc2_h128_L[32]_ablation_none_l32_fc2_h128.pth,32,32,normal,fc1_output_pre_if1,mean_over_time,3.21183707625847,10.3158974044285,3.21184747800302,P_tolerant_same_position,|x_noisy-x_clean| < lambda/(2L),0.0157521565755208,6194,393216,1.2381078004837,0.0193454343825579,0.5,0.7071067811865476,gaussian,6,4,97.520000
noise3_exp/ablation_mne_l2_vs_weight_decay_l16_fc2_h128,noise3_exp/ablation_mne_l2_vs_weight_decay_l16_fc2_h128/fc2_h128_L[32]_ablation_wd_l32_fc2_h128.pth,fc2_h128_L[32]_ablation_wd_l32_fc2_h128.pth,32,2,normal,fc1_output_pre_if1,mean_over_time,0.399746577203641,0.159797325986026,0.399746912372347,P_tolerant_same_position,|x_noisy-x_clean| < lambda/(2L),0.708513895670573,278599,393216,4.95279026031494,0.077387347817421,0.5,0.7071067811865476,gaussian,6,4,96.900000
noise3_exp/ablation_mne_l2_vs_weight_decay_l16_fc2_h128,noise3_exp/ablation_mne_l2_vs_weight_decay_l16_fc2_h128/fc2_h128_L[32]_ablation_wd_l32_fc2_h128.pth,fc2_h128_L[32]_ablation_wd_l32_fc2_h128.pth,32,4,normal,fc1_output_pre_if1,mean_over_time,0.283887945582322,0.0805923656469514,0.28388798108349,P_tolerant_same_position,|x_noisy-x_clean| < lambda/(2L),0.720258076985677,283217,393216,4.95279026031494,0.077387347817421,0.5,0.7071067811865476,gaussian,6,4,97.620000
noise3_exp/ablation_mne_l2_vs_weight_decay_l16_fc2_h128,noise3_exp/ablation_mne_l2_vs_weight_decay_l16_fc2_h128/fc2_h128_L[32]_ablation_wd_l32_fc2_h128.pth,fc2_h128_L[32]_ablation_wd_l32_fc2_h128.pth,32,8,normal,fc1_output_pre_if1,mean_over_time,0.200919530842945,0.0403686578741492,0.200919818606371,P_tolerant_same_position,|x_noisy-x_clean| < lambda/(2L),0.73687489827474,289751,393216,4.95279026031494,0.077387347817421,0.5,0.7071067811865476,gaussian,6,4,97.720000
noise3_exp/ablation_mne_l2_vs_weight_decay_l16_fc2_h128,noise3_exp/ablation_mne_l2_vs_weight_decay_l16_fc2_h128/fc2_h128_L[32]_ablation_wd_l32_fc2_h128.pth,fc2_h128_L[32]_ablation_wd_l32_fc2_h128.pth,32,16,normal,fc1_output_pre_if1,mean_over_time,0.141884737413137,0.0201312787107947,0.141884822452049,P_tolerant_same_position,|x_noisy-x_clean| < lambda/(2L),0.759119669596354,298498,393216,4.95279026031494,0.077387347817421,0.5,0.7071067811865476,gaussian,6,4,97.790000
noise3_exp/ablation_mne_l2_vs_weight_decay_l16_fc2_h128,noise3_exp/ablation_mne_l2_vs_weight_decay_l16_fc2_h128/fc2_h128_L[32]_ablation_wd_l32_fc2_h128.pth,fc2_h128_L[32]_ablation_wd_l32_fc2_h128.pth,32,32,normal,fc1_output_pre_if1,mean_over_time,0.100885835934112,0.0101779518921245,0.100885850338709,P_tolerant_same_position,|x_noisy-x_clean| < lambda/(2L),0.790743509928385,310933,393216,4.95279026031494,0.077387347817421,0.5,0.7071067811865476,gaussian,6,4,97.810000
mnist-checkpoints,mnist-checkpoints/fc2_h128_L[4]_ablation_mne_l2_l4_fc2_h128_rc1em03.pth,fc2_h128_L[4]_ablation_mne_l2_l4_fc2_h128_rc1em03.pth,4,2,normal,fc1_output_pre_if1,mean_over_time,9.13969780978442,83.5340760541782,9.13970217488743,P_tolerant_same_position,|x_noisy-x_clean| < lambda/(2L),0.578214009602865,227363,393216,46.4354286193848,5.8044285774231,0.5,0.7071067811865476,gaussian,6,4,97.600000
mnist-checkpoints,mnist-checkpoints/fc2_h128_L[4]_ablation_mne_l2_l4_fc2_h128_rc1em03.pth,fc2_h128_L[4]_ablation_mne_l2_l4_fc2_h128_rc1em03.pth,4,4,normal,fc1_output_pre_if1,mean_over_time,6.44651323760121,41.5575329225676,6.44654084185732,P_tolerant_same_position,|x_noisy-x_clean| < lambda/(2L),0.684371948242188,269106,393216,46.4354286193848,5.8044285774231,0.5,0.7071067811865476,gaussian,6,4,98.050000
mnist-checkpoints,mnist-checkpoints/fc2_h128_L[4]_ablation_mne_l2_l4_fc2_h128_rc1em03.pth,fc2_h128_L[4]_ablation_mne_l2_l4_fc2_h128_rc1em03.pth,4,8,normal,fc1_output_pre_if1,mean_over_time,4.57281828900755,20.9106671042819,4.57282174720821,P_tolerant_same_position,|x_noisy-x_clean| < lambda/(2L),0.803082784016927,315785,393216,46.4354286193848,5.8044285774231,0.5,0.7071067811865476,gaussian,6,4,98.050000
mnist-checkpoints,mnist-checkpoints/fc2_h128_L[4]_ablation_mne_l2_l4_fc2_h128_rc1em03.pth,fc2_h128_L[4]_ablation_mne_l2_l4_fc2_h128_rc1em03.pth,4,16,normal,fc1_output_pre_if1,mean_over_time,3.22705375477716,10.4138759362213,3.22709383526729,P_tolerant_same_position,|x_noisy-x_clean| < lambda/(2L),0.911107381184896,358262,393216,46.4354286193848,5.8044285774231,0.5,0.7071067811865476,gaussian,6,4,98.080000
mnist-checkpoints,mnist-checkpoints/fc2_h128_L[4]_ablation_mne_l2_l4_fc2_h128_rc1em03.pth,fc2_h128_L[4]_ablation_mne_l2_l4_fc2_h128_rc1em03.pth,4,32,normal,fc1_output_pre_if1,mean_over_time,2.28425457855743,5.21781897966058,2.28425536044622,P_tolerant_same_position,|x_noisy-x_clean| < lambda/(2L),0.976359049479167,383920,393216,46.4354286193848,5.8044285774231,0.5,0.7071067811865476,gaussian,6,4,98.070000
noise3_exp/ablation_mne_l2_vs_weight_decay_l16_fc2_h128,noise3_exp/ablation_mne_l2_vs_weight_decay_l16_fc2_h128/fc2_h128_L[4]_ablation_none_l4_fc2_h128.pth,fc2_h128_L[4]_ablation_none_l4_fc2_h128.pth,4,2,normal,fc1_output_pre_if1,mean_over_time,12.3873388275054,153.446163227423,12.3873411351246,P_tolerant_same_position,|x_noisy-x_clean| < lambda/(2L),0.13714599609375,53928,393216,6.33798837661743,0.792248547077179,0.5,0.7071067811865476,gaussian,6,4,97.500000
noise3_exp/ablation_mne_l2_vs_weight_decay_l16_fc2_h128,noise3_exp/ablation_mne_l2_vs_weight_decay_l16_fc2_h128/fc2_h128_L[4]_ablation_none_l4_fc2_h128.pth,fc2_h128_L[4]_ablation_none_l4_fc2_h128.pth,4,4,normal,fc1_output_pre_if1,mean_over_time,8.73457789683723,76.2928510359176,8.73460363317433,P_tolerant_same_position,|x_noisy-x_clean| < lambda/(2L),0.181226094563802,71261,393216,6.33798837661743,0.792248547077179,0.5,0.7071067811865476,gaussian,6,4,97.770000
noise3_exp/ablation_mne_l2_vs_weight_decay_l16_fc2_h128,noise3_exp/ablation_mne_l2_vs_weight_decay_l16_fc2_h128/fc2_h128_L[4]_ablation_none_l4_fc2_h128.pth,fc2_h128_L[4]_ablation_none_l4_fc2_h128.pth,4,8,normal,fc1_output_pre_if1,mean_over_time,6.18367154483224,38.2377937743679,6.18367159535995,P_tolerant_same_position,|x_noisy-x_clean| < lambda/(2L),0.229520161946615,90251,393216,6.33798837661743,0.792248547077179,0.5,0.7071067811865476,gaussian,6,4,97.700000
noise3_exp/ablation_mne_l2_vs_weight_decay_l16_fc2_h128,noise3_exp/ablation_mne_l2_vs_weight_decay_l16_fc2_h128/fc2_h128_L[4]_ablation_none_l4_fc2_h128.pth,fc2_h128_L[4]_ablation_none_l4_fc2_h128.pth,4,16,normal,fc1_output_pre_if1,mean_over_time,4.37645750355509,19.1533802804237,4.37647358736958,P_tolerant_same_position,|x_noisy-x_clean| < lambda/(2L),0.277694702148438,109194,393216,6.33798837661743,0.792248547077179,0.5,0.7071067811865476,gaussian,6,4,97.770000
noise3_exp/ablation_mne_l2_vs_weight_decay_l16_fc2_h128,noise3_exp/ablation_mne_l2_vs_weight_decay_l16_fc2_h128/fc2_h128_L[4]_ablation_none_l4_fc2_h128.pth,fc2_h128_L[4]_ablation_none_l4_fc2_h128.pth,4,32,normal,fc1_output_pre_if1,mean_over_time,3.10756081665276,9.65693422919559,3.10756653761272,P_tolerant_same_position,|x_noisy-x_clean| < lambda/(2L),0.328681945800781,129243,393216,6.33798837661743,0.792248547077179,0.5,0.7071067811865476,gaussian,6,4,97.780000
noise3_exp/ablation_mne_l2_vs_weight_decay_l16_fc2_h128,noise3_exp/ablation_mne_l2_vs_weight_decay_l16_fc2_h128/fc2_h128_L[4]_ablation_wd_l4_fc2_h128.pth,fc2_h128_L[4]_ablation_wd_l4_fc2_h128.pth,4,2,normal,fc1_output_pre_if1,mean_over_time,0.408485867939622,0.166860704306386,0.408486272633185,P_tolerant_same_position,|x_noisy-x_clean| < lambda/(2L),0.85449473063151,336001,393216,4.45623826980591,0.557029783725739,0.5,0.7071067811865476,gaussian,6,4,97.200000
noise3_exp/ablation_mne_l2_vs_weight_decay_l16_fc2_h128,noise3_exp/ablation_mne_l2_vs_weight_decay_l16_fc2_h128/fc2_h128_L[4]_ablation_wd_l4_fc2_h128.pth,fc2_h128_L[4]_ablation_wd_l4_fc2_h128.pth,4,4,normal,fc1_output_pre_if1,mean_over_time,0.290434563102725,0.0843522354446708,0.290434597074788,P_tolerant_same_position,|x_noisy-x_clean| < lambda/(2L),0.912249247233073,358711,393216,4.45623826980591,0.557029783725739,0.5,0.7071067811865476,gaussian,6,4,97.890000
noise3_exp/ablation_mne_l2_vs_weight_decay_l16_fc2_h128,noise3_exp/ablation_mne_l2_vs_weight_decay_l16_fc2_h128/fc2_h128_L[4]_ablation_wd_l4_fc2_h128.pth,fc2_h128_L[4]_ablation_wd_l4_fc2_h128.pth,4,8,normal,fc1_output_pre_if1,mean_over_time,0.205321039900495,0.0421567294258206,0.205321074190134,P_tolerant_same_position,|x_noisy-x_clean| < lambda/(2L),0.962938944498698,378643,393216,4.45623826980591,0.557029783725739,0.5,0.7071067811865476,gaussian,6,4,97.960000
noise3_exp/ablation_mne_l2_vs_weight_decay_l16_fc2_h128,noise3_exp/ablation_mne_l2_vs_weight_decay_l16_fc2_h128/fc2_h128_L[4]_ablation_wd_l4_fc2_h128.pth,fc2_h128_L[4]_ablation_wd_l4_fc2_h128.pth,4,16,normal,fc1_output_pre_if1,mean_over_time,0.144682345655611,0.0209329811444096,0.144682404052993,P_tolerant_same_position,|x_noisy-x_clean| < lambda/(2L),0.991706848144531,389955,393216,4.45623826980591,0.557029783725739,0.5,0.7071067811865476,gaussian,6,4,98.070000
noise3_exp/ablation_mne_l2_vs_weight_decay_l16_fc2_h128,noise3_exp/ablation_mne_l2_vs_weight_decay_l16_fc2_h128/fc2_h128_L[4]_ablation_wd_l4_fc2_h128.pth,fc2_h128_L[4]_ablation_wd_l4_fc2_h128.pth,4,32,normal,fc1_output_pre_if1,mean_over_time,0.102584547454375,0.0105235893764189,0.102584548352869,P_tolerant_same_position,|x_noisy-x_clean| < lambda/(2L),0.999257405598958,392924,393216,4.45623826980591,0.557029783725739,0.5,0.7071067811865476,gaussian,6,4,98.100000
mnist-checkpoints,mnist-checkpoints/fc2_h128_L[8]_ablation_mne_l2_l8_fc2_h128_rc1em03.pth,fc2_h128_L[8]_ablation_mne_l2_l8_fc2_h128_rc1em03.pth,8,2,normal,fc1_output_pre_if1,mean_over_time,9.23607091749129,85.3050059929284,9.23609757641507,P_tolerant_same_position,|x_noisy-x_clean| < lambda/(2L),0.601165771484375,236388,393216,85.9578857421875,5.37236785888672,0.5,0.7071067811865476,gaussian,6,4,96.910000
mnist-checkpoints,mnist-checkpoints/fc2_h128_L[8]_ablation_mne_l2_l8_fc2_h128_rc1em03.pth,fc2_h128_L[8]_ablation_mne_l2_l8_fc2_h128_rc1em03.pth,8,4,normal,fc1_output_pre_if1,mean_over_time,6.52831922485495,42.6189519016107,6.52833051393026,P_tolerant_same_position,|x_noisy-x_clean| < lambda/(2L),0.684888203938802,269309,393216,85.9578857421875,5.37236785888672,0.5,0.7071067811865476,gaussian,6,4,97.700000
mnist-checkpoints,mnist-checkpoints/fc2_h128_L[8]_ablation_mne_l2_l8_fc2_h128_rc1em03.pth,fc2_h128_L[8]_ablation_mne_l2_l8_fc2_h128_rc1em03.pth,8,8,normal,fc1_output_pre_if1,mean_over_time,4.63886300322574,21.5190499626965,4.63886756029131,P_tolerant_same_position,|x_noisy-x_clean| < lambda/(2L),0.782580057779948,307723,393216,85.9578857421875,5.37236785888672,0.5,0.7071067811865476,gaussian,6,4,98.030000
mnist-checkpoints,mnist-checkpoints/fc2_h128_L[8]_ablation_mne_l2_l8_fc2_h128_rc1em03.pth,fc2_h128_L[8]_ablation_mne_l2_l8_fc2_h128_rc1em03.pth,8,16,normal,fc1_output_pre_if1,mean_over_time,3.27691523477373,10.7381734558922,3.27691585155641,P_tolerant_same_position,|x_noisy-x_clean| < lambda/(2L),0.88116455078125,346488,393216,85.9578857421875,5.37236785888672,0.5,0.7071067811865476,gaussian,6,4,98.010000
mnist-checkpoints,mnist-checkpoints/fc2_h128_L[8]_ablation_mne_l2_l8_fc2_h128_rc1em03.pth,fc2_h128_L[8]_ablation_mne_l2_l8_fc2_h128_rc1em03.pth,8,32,normal,fc1_output_pre_if1,mean_over_time,2.29901384471457,5.28546465818928,2.29901594174214,P_tolerant_same_position,|x_noisy-x_clean| < lambda/(2L),0.95922597249349,377183,393216,85.9578857421875,5.37236785888672,0.5,0.7071067811865476,gaussian,6,4,98.020000
noise3_exp/ablation_mne_l2_vs_weight_decay_l16_fc2_h128,noise3_exp/ablation_mne_l2_vs_weight_decay_l16_fc2_h128/fc2_h128_L[8]_ablation_none_l8_fc2_h128.pth,fc2_h128_L[8]_ablation_none_l8_fc2_h128.pth,8,2,normal,fc1_output_pre_if1,mean_over_time,12.2452046143657,149.945036047684,12.2452975479222,P_tolerant_same_position,|x_noisy-x_clean| < lambda/(2L),0.0497512817382812,19563,393216,3.80730128288269,0.237956330180168,0.5,0.7071067811865476,gaussian,6,4,97.500000
noise3_exp/ablation_mne_l2_vs_weight_decay_l16_fc2_h128,noise3_exp/ablation_mne_l2_vs_weight_decay_l16_fc2_h128/fc2_h128_L[8]_ablation_none_l8_fc2_h128.pth,fc2_h128_L[8]_ablation_none_l8_fc2_h128.pth,8,4,normal,fc1_output_pre_if1,mean_over_time,8.69019097468802,75.5194191765491,8.69021163445678,P_tolerant_same_position,|x_noisy-x_clean| < lambda/(2L),0.0696461995442708,27386,393216,3.80730128288269,0.237956330180168,0.5,0.7071067811865476,gaussian,6,4,97.530000
noise3_exp/ablation_mne_l2_vs_weight_decay_l16_fc2_h128,noise3_exp/ablation_mne_l2_vs_weight_decay_l16_fc2_h128/fc2_h128_L[8]_ablation_none_l8_fc2_h128.pth,fc2_h128_L[8]_ablation_none_l8_fc2_h128.pth,8,8,normal,fc1_output_pre_if1,mean_over_time,6.13957127954026,37.6943354965557,6.13957349010343,P_tolerant_same_position,|x_noisy-x_clean| < lambda/(2L),0.0973129272460938,38265,393216,3.80730128288269,0.237956330180168,0.5,0.7071067811865476,gaussian,6,4,97.440000
noise3_exp/ablation_mne_l2_vs_weight_decay_l16_fc2_h128,noise3_exp/ablation_mne_l2_vs_weight_decay_l16_fc2_h128/fc2_h128_L[8]_ablation_none_l8_fc2_h128.pth,fc2_h128_L[8]_ablation_none_l8_fc2_h128.pth,8,16,normal,fc1_output_pre_if1,mean_over_time,4.32896751916593,18.7399597819936,4.32899302971798,P_tolerant_same_position,|x_noisy-x_clean| < lambda/(2L),0.134686787923177,52961,393216,3.80730128288269,0.237956330180168,0.5,0.7071067811865476,gaussian,6,4,97.430000
noise3_exp/ablation_mne_l2_vs_weight_decay_l16_fc2_h128,noise3_exp/ablation_mne_l2_vs_weight_decay_l16_fc2_h128/fc2_h128_L[8]_ablation_none_l8_fc2_h128.pth,fc2_h128_L[8]_ablation_none_l8_fc2_h128.pth,8,32,normal,fc1_output_pre_if1,mean_over_time,3.07191059258027,9.43663468880685,3.07191063959527,P_tolerant_same_position,|x_noisy-x_clean| < lambda/(2L),0.179616292317708,70628,393216,3.80730128288269,0.237956330180168,0.5,0.7071067811865476,gaussian,6,4,97.360000
noise3_exp/ablation_mne_l2_vs_weight_decay_l16_fc2_h128,noise3_exp/ablation_mne_l2_vs_weight_decay_l16_fc2_h128/fc2_h128_L[8]_ablation_wd_l8_fc2_h128.pth,fc2_h128_L[8]_ablation_wd_l8_fc2_h128.pth,8,2,normal,fc1_output_pre_if1,mean_over_time,0.424902283967571,0.180541950920858,0.424902537100428,P_tolerant_same_position,|x_noisy-x_clean| < lambda/(2L),0.789667765299479,310510,393216,5.0343770980835,0.314648568630219,0.5,0.7071067811865476,gaussian,6,4,96.660000
noise3_exp/ablation_mne_l2_vs_weight_decay_l16_fc2_h128,noise3_exp/ablation_mne_l2_vs_weight_decay_l16_fc2_h128/fc2_h128_L[8]_ablation_wd_l8_fc2_h128.pth,fc2_h128_L[8]_ablation_wd_l8_fc2_h128.pth,8,4,normal,fc1_output_pre_if1,mean_over_time,0.299576390035621,0.0897460134667744,0.299577176255055,P_tolerant_same_position,|x_noisy-x_clean| < lambda/(2L),0.829195658365885,326053,393216,5.0343770980835,0.314648568630219,0.5,0.7071067811865476,gaussian,6,4,97.620000
noise3_exp/ablation_mne_l2_vs_weight_decay_l16_fc2_h128,noise3_exp/ablation_mne_l2_vs_weight_decay_l16_fc2_h128/fc2_h128_L[8]_ablation_wd_l8_fc2_h128.pth,fc2_h128_L[8]_ablation_wd_l8_fc2_h128.pth,8,8,normal,fc1_output_pre_if1,mean_over_time,0.21282084154217,0.0452927105947174,0.212821118647776,P_tolerant_same_position,|x_noisy-x_clean| < lambda/(2L),0.875396728515625,344220,393216,5.0343770980835,0.314648568630219,0.5,0.7071067811865476,gaussian,6,4,97.740000
noise3_exp/ablation_mne_l2_vs_weight_decay_l16_fc2_h128,noise3_exp/ablation_mne_l2_vs_weight_decay_l16_fc2_h128/fc2_h128_L[8]_ablation_wd_l8_fc2_h128.pth,fc2_h128_L[8]_ablation_wd_l8_fc2_h128.pth,8,16,normal,fc1_output_pre_if1,mean_over_time,0.149701721579097,0.0224106054437456,0.1497017562121,P_tolerant_same_position,|x_noisy-x_clean| < lambda/(2L),0.927340189615885,364645,393216,5.0343770980835,0.314648568630219,0.5,0.7071067811865476,gaussian,6,4,97.790000
noise3_exp/ablation_mne_l2_vs_weight_decay_l16_fc2_h128,noise3_exp/ablation_mne_l2_vs_weight_decay_l16_fc2_h128/fc2_h128_L[8]_ablation_wd_l8_fc2_h128.pth,fc2_h128_L[8]_ablation_wd_l8_fc2_h128.pth,8,32,normal,fc1_output_pre_if1,mean_over_time,0.106678572104907,0.0113803177463419,0.106678791044413,P_tolerant_same_position,|x_noisy-x_clean| < lambda/(2L),0.969080607096354,381058,393216,5.0343770980835,0.314648568630219,0.5,0.7071067811865476,gaussian,6,4,97.760000
mnist-checkpoints,mnist-checkpoints/fc2_h512_L[16]_ablation_mne_l2_l16_fc2_h512_rc1em03.pth,fc2_h512_L[16]_ablation_mne_l2_l16_fc2_h512_rc1em03.pth,16,2,normal,fc1_output_pre_if1,mean_over_time,6.62852003230263,43.9372778186372,6.62852095362945,P_tolerant_same_position,|x_noisy-x_clean| < lambda/(2L),0.837883631388346,1317877,1572864,132.213195800781,4.13166236877441,0.5,0.7071067811865476,gaussian,6,4,96.640000
mnist-checkpoints,mnist-checkpoints/fc2_h512_L[16]_ablation_mne_l2_l16_fc2_h512_rc1em03.pth,fc2_h512_L[16]_ablation_mne_l2_l16_fc2_h512_rc1em03.pth,16,4,normal,fc1_output_pre_if1,mean_over_time,4.67064742563343,21.8149473745762,4.67064805436099,P_tolerant_same_position,|x_noisy-x_clean| < lambda/(2L),0.857947667439779,1349435,1572864,132.213195800781,4.13166236877441,0.5,0.7071067811865476,gaussian,6,4,97.680000
mnist-checkpoints,mnist-checkpoints/fc2_h512_L[16]_ablation_mne_l2_l16_fc2_h512_rc1em03.pth,fc2_h512_L[16]_ablation_mne_l2_l16_fc2_h512_rc1em03.pth,16,8,normal,fc1_output_pre_if1,mean_over_time,3.29600533212158,10.8636511493739,3.2960126933321,P_tolerant_same_position,|x_noisy-x_clean| < lambda/(2L),0.883909861246745,1390270,1572864,132.213195800781,4.13166236877441,0.5,0.7071067811865476,gaussian,6,4,98.080000
mnist-checkpoints,mnist-checkpoints/fc2_h512_L[16]_ablation_mne_l2_l16_fc2_h512_rc1em03.pth,fc2_h512_L[16]_ablation_mne_l2_l16_fc2_h512_rc1em03.pth,16,16,normal,fc1_output_pre_if1,mean_over_time,2.34251502637146,5.48737664877607,2.34251554828669,P_tolerant_same_position,|x_noisy-x_clean| < lambda/(2L),0.914595286051432,1438534,1572864,132.213195800781,4.13166236877441,0.5,0.7071067811865476,gaussian,6,4,98.110000
mnist-checkpoints,mnist-checkpoints/fc2_h512_L[16]_ablation_mne_l2_l16_fc2_h512_rc1em03.pth,fc2_h512_L[16]_ablation_mne_l2_l16_fc2_h512_rc1em03.pth,16,32,normal,fc1_output_pre_if1,mean_over_time,1.65523462840498,2.73980167507098,1.65523550764679,P_tolerant_same_position,|x_noisy-x_clean| < lambda/(2L),0.948734919230143,1492231,1572864,132.213195800781,4.13166236877441,0.5,0.7071067811865476,gaussian,6,4,98.040000
noise3_exp/ablation_mne_l2_vs_weight_decay_l16_fc2_h512,noise3_exp/ablation_mne_l2_vs_weight_decay_l16_fc2_h512/fc2_h512_L[16]_ablation_none_l16_fc2_h512.pth,fc2_h512_L[16]_ablation_none_l16_fc2_h512.pth,16,2,normal,fc1_output_pre_if1,mean_over_time,8.47496660154505,71.825058897304,8.47496954838356,P_tolerant_same_position,|x_noisy-x_clean| < lambda/(2L),0.00748825073242188,11778,1572864,0.572333633899689,0.0178854260593653,0.5,0.7071067811865476,gaussian,6,4,97.170000
noise3_exp/ablation_mne_l2_vs_weight_decay_l16_fc2_h512,noise3_exp/ablation_mne_l2_vs_weight_decay_l16_fc2_h512/fc2_h512_L[16]_ablation_none_l16_fc2_h512.pth,fc2_h512_L[16]_ablation_none_l16_fc2_h512.pth,16,4,normal,fc1_output_pre_if1,mean_over_time,6.00271167977525,36.0325475105102,6.00272300972178,P_tolerant_same_position,|x_noisy-x_clean| < lambda/(2L),0.0105603535970052,16610,1572864,0.572333633899689,0.0178854260593653,0.5,0.7071067811865476,gaussian,6,4,97.330000
noise3_exp/ablation_mne_l2_vs_weight_decay_l16_fc2_h512,noise3_exp/ablation_mne_l2_vs_weight_decay_l16_fc2_h512/fc2_h512_L[16]_ablation_none_l16_fc2_h512.pth,fc2_h512_L[16]_ablation_none_l16_fc2_h512.pth,16,8,normal,fc1_output_pre_if1,mean_over_time,4.24534665985494,18.0229682623415,4.24535019209304,P_tolerant_same_position,|x_noisy-x_clean| < lambda/(2L),0.015041987101237,23659,1572864,0.572333633899689,0.0178854260593653,0.5,0.7071067811865476,gaussian,6,4,97.350000
noise3_exp/ablation_mne_l2_vs_weight_decay_l16_fc2_h512,noise3_exp/ablation_mne_l2_vs_weight_decay_l16_fc2_h512/fc2_h512_L[16]_ablation_none_l16_fc2_h512.pth,fc2_h512_L[16]_ablation_none_l16_fc2_h512.pth,16,16,normal,fc1_output_pre_if1,mean_over_time,3.00646535803943,9.03883394909114,3.00646946635333,P_tolerant_same_position,|x_noisy-x_clean| < lambda/(2L),0.021365483601888,33605,1572864,0.572333633899689,0.0178854260593653,0.5,0.7071067811865476,gaussian,6,4,97.290000
noise3_exp/ablation_mne_l2_vs_weight_decay_l16_fc2_h512,noise3_exp/ablation_mne_l2_vs_weight_decay_l16_fc2_h512/fc2_h512_L[16]_ablation_none_l16_fc2_h512.pth,fc2_h512_L[16]_ablation_none_l16_fc2_h512.pth,16,32,normal,fc1_output_pre_if1,mean_over_time,2.12248125837322,4.50492669214558,2.12248139160201,P_tolerant_same_position,|x_noisy-x_clean| < lambda/(2L),0.0299288431803385,47074,1572864,0.572333633899689,0.0178854260593653,0.5,0.7071067811865476,gaussian,6,4,97.290000
noise3_exp/ablation_mne_l2_vs_weight_decay_l16_fc2_h512,noise3_exp/ablation_mne_l2_vs_weight_decay_l16_fc2_h512/fc2_h512_L[16]_ablation_wd_l16_fc2_h512.pth,fc2_h512_L[16]_ablation_wd_l16_fc2_h512.pth,16,2,normal,fc1_output_pre_if1,mean_over_time,0.220492282422992,0.0486168466081004,0.220492283364674,P_tolerant_same_position,|x_noisy-x_clean| < lambda/(2L),0.91516367594401,1439428,1572864,4.78762245178223,0.149613201618195,0.5,0.7071067811865476,gaussian,6,4,97.070000
noise3_exp/ablation_mne_l2_vs_weight_decay_l16_fc2_h512,noise3_exp/ablation_mne_l2_vs_weight_decay_l16_fc2_h512/fc2_h512_L[16]_ablation_wd_l16_fc2_h512.pth,fc2_h512_L[16]_ablation_wd_l16_fc2_h512.pth,16,4,normal,fc1_output_pre_if1,mean_over_time,0.155901082937073,0.0243051476609521,0.155901092150491,P_tolerant_same_position,|x_noisy-x_clean| < lambda/(2L),0.924846013387044,1454657,1572864,4.78762245178223,0.149613201618195,0.5,0.7071067811865476,gaussian,6,4,97.750000
noise3_exp/ablation_mne_l2_vs_weight_decay_l16_fc2_h512,noise3_exp/ablation_mne_l2_vs_weight_decay_l16_fc2_h512/fc2_h512_L[16]_ablation_wd_l16_fc2_h512.pth,fc2_h512_L[16]_ablation_wd_l16_fc2_h512.pth,16,8,normal,fc1_output_pre_if1,mean_over_time,0.11009095684949,0.0121200187800362,0.110091088726594,P_tolerant_same_position,|x_noisy-x_clean| < lambda/(2L),0.935937245686849,1472102,1572864,4.78762245178223,0.149613201618195,0.5,0.7071067811865476,gaussian,6,4,97.840000
noise3_exp/ablation_mne_l2_vs_weight_decay_l16_fc2_h512,noise3_exp/ablation_mne_l2_vs_weight_decay_l16_fc2_h512/fc2_h512_L[16]_ablation_wd_l16_fc2_h512.pth,fc2_h512_L[16]_ablation_wd_l16_fc2_h512.pth,16,16,normal,fc1_output_pre_if1,mean_over_time,0.0779270651819986,0.00607262748787946,0.0779270713400084,P_tolerant_same_position,|x_noisy-x_clean| < lambda/(2L),0.948071161905924,1491187,1572864,4.78762245178223,0.149613201618195,0.5,0.7071067811865476,gaussian,6,4,97.920000
noise3_exp/ablation_mne_l2_vs_weight_decay_l16_fc2_h512,noise3_exp/ablation_mne_l2_vs_weight_decay_l16_fc2_h512/fc2_h512_L[16]_ablation_wd_l16_fc2_h512.pth,fc2_h512_L[16]_ablation_wd_l16_fc2_h512.pth,16,32,normal,fc1_output_pre_if1,mean_over_time,0.0549986411362953,0.00302485052683899,0.0549986460652401,P_tolerant_same_position,|x_noisy-x_clean| < lambda/(2L),0.962839762369792,1514416,1572864,4.78762245178223,0.149613201618195,0.5,0.7071067811865476,gaussian,6,4,97.950000
mnist-checkpoints,mnist-checkpoints/fc2_h512_L[2]_ablation_mne_l2_l2_fc2_h512_rc1em03.pth,fc2_h512_L[2]_ablation_mne_l2_l2_fc2_h512_rc1em03.pth,2,2,normal,fc1_output_pre_if1,mean_over_time,6.42645548739321,41.2993301314463,6.42646561121477,P_tolerant_same_position,|x_noisy-x_clean| < lambda/(2L),0.792726516723633,1246851,1572864,24.5170135498047,6.12925338745117,0.5,0.7071067811865476,gaussian,6,4,98.170000
mnist-checkpoints,mnist-checkpoints/fc2_h512_L[2]_ablation_mne_l2_l2_fc2_h512_rc1em03.pth,fc2_h512_L[2]_ablation_mne_l2_l2_fc2_h512_rc1em03.pth,2,4,normal,fc1_output_pre_if1,mean_over_time,4.54732817086261,20.6781934935207,4.54734430152474,P_tolerant_same_position,|x_noisy-x_clean| < lambda/(2L),0.852032343546549,1340131,1572864,24.5170135498047,6.12925338745117,0.5,0.7071067811865476,gaussian,6,4,98.260000
mnist-checkpoints,mnist-checkpoints/fc2_h512_L[2]_ablation_mne_l2_l2_fc2_h512_rc1em03.pth,fc2_h512_L[2]_ablation_mne_l2_l2_fc2_h512_rc1em03.pth,2,8,normal,fc1_output_pre_if1,mean_over_time,3.21674742924723,10.3474640235687,3.21674743873765,P_tolerant_same_position,|x_noisy-x_clean| < lambda/(2L),0.913117090861003,1436209,1572864,24.5170135498047,6.12925338745117,0.5,0.7071067811865476,gaussian,6,4,98.300000
mnist-checkpoints,mnist-checkpoints/fc2_h512_L[2]_ablation_mne_l2_l2_fc2_h512_rc1em03.pth,fc2_h512_L[2]_ablation_mne_l2_l2_fc2_h512_rc1em03.pth,2,16,normal,fc1_output_pre_if1,mean_over_time,2.26768580791011,5.14239892339692,2.2676987420158,P_tolerant_same_position,|x_noisy-x_clean| < lambda/(2L),0.964164733886719,1516500,1572864,24.5170135498047,6.12925338745117,0.5,0.7071067811865476,gaussian,6,4,98.240000
mnist-checkpoints,mnist-checkpoints/fc2_h512_L[2]_ablation_mne_l2_l2_fc2_h512_rc1em03.pth,fc2_h512_L[2]_ablation_mne_l2_l2_fc2_h512_rc1em03.pth,2,32,normal,fc1_output_pre_if1,mean_over_time,1.60806871347907,2.58588498727022,1.60807579647738,P_tolerant_same_position,|x_noisy-x_clean| < lambda/(2L),0.991446177164714,1559410,1572864,24.5170135498047,6.12925338745117,0.5,0.7071067811865476,gaussian,6,4,98.250000
noise3_exp/ablation_mne_l2_vs_weight_decay_l16_fc2_h512,noise3_exp/ablation_mne_l2_vs_weight_decay_l16_fc2_h512/fc2_h512_L[2]_ablation_none_l2_fc2_h512.pth,fc2_h512_L[2]_ablation_none_l2_fc2_h512.pth,2,2,normal,fc1_output_pre_if1,mean_over_time,9.39992912676241,88.3586675881564,9.39993628487062,P_tolerant_same_position,|x_noisy-x_clean| < lambda/(2L),0.0374215443929036,58859,1572864,0.514590919017792,0.128647729754448,0.5,0.7071067811865476,gaussian,6,4,97.400000
noise3_exp/ablation_mne_l2_vs_weight_decay_l16_fc2_h512,noise3_exp/ablation_mne_l2_vs_weight_decay_l16_fc2_h512/fc2_h512_L[2]_ablation_none_l2_fc2_h512.pth,fc2_h512_L[2]_ablation_none_l2_fc2_h512.pth,2,4,normal,fc1_output_pre_if1,mean_over_time,6.65176775252407,44.2460142335191,6.65177994237438,P_tolerant_same_position,|x_noisy-x_clean| < lambda/(2L),0.0523357391357422,82317,1572864,0.514590919017792,0.128647729754448,0.5,0.7071067811865476,gaussian,6,4,97.440000
noise3_exp/ablation_mne_l2_vs_weight_decay_l16_fc2_h512,noise3_exp/ablation_mne_l2_vs_weight_decay_l16_fc2_h512/fc2_h512_L[2]_ablation_none_l2_fc2_h512.pth,fc2_h512_L[2]_ablation_none_l2_fc2_h512.pth,2,8,normal,fc1_output_pre_if1,mean_over_time,4.71352869212963,22.2173527315293,4.71352924605221,P_tolerant_same_position,|x_noisy-x_clean| < lambda/(2L),0.0733833312988281,115422,1572864,0.514590919017792,0.128647729754448,0.5,0.7071067811865476,gaussian,6,4,97.420000
noise3_exp/ablation_mne_l2_vs_weight_decay_l16_fc2_h512,noise3_exp/ablation_mne_l2_vs_weight_decay_l16_fc2_h512/fc2_h512_L[2]_ablation_none_l2_fc2_h512.pth,fc2_h512_L[2]_ablation_none_l2_fc2_h512.pth,2,16,normal,fc1_output_pre_if1,mean_over_time,3.3136094574142,10.9800076362648,3.31361001088233,P_tolerant_same_position,|x_noisy-x_clean| < lambda/(2L),0.103623072306315,162985,1572864,0.514590919017792,0.128647729754448,0.5,0.7071067811865476,gaussian,6,4,97.390000
noise3_exp/ablation_mne_l2_vs_weight_decay_l16_fc2_h512,noise3_exp/ablation_mne_l2_vs_weight_decay_l16_fc2_h512/fc2_h512_L[2]_ablation_none_l2_fc2_h512.pth,fc2_h512_L[2]_ablation_none_l2_fc2_h512.pth,2,32,normal,fc1_output_pre_if1,mean_over_time,2.36024220430303,5.57074326297323,2.36024253255647,P_tolerant_same_position,|x_noisy-x_clean| < lambda/(2L),0.143449147542318,225626,1572864,0.514590919017792,0.128647729754448,0.5,0.7071067811865476,gaussian,6,4,97.390000
noise3_exp/ablation_mne_l2_vs_weight_decay_l16_fc2_h512,noise3_exp/ablation_mne_l2_vs_weight_decay_l16_fc2_h512/fc2_h512_L[2]_ablation_wd_l2_fc2_h512.pth,fc2_h512_L[2]_ablation_wd_l2_fc2_h512.pth,2,2,normal,fc1_output_pre_if1,mean_over_time,0.219189096254544,0.0480438599168839,0.219189143108042,P_tolerant_same_position,|x_noisy-x_clean| < lambda/(2L),0.985303243001302,1549748,1572864,4.01067113876343,1.00266778469086,0.5,0.7071067811865476,gaussian,6,4,97.340000
noise3_exp/ablation_mne_l2_vs_weight_decay_l16_fc2_h512,noise3_exp/ablation_mne_l2_vs_weight_decay_l16_fc2_h512/fc2_h512_L[2]_ablation_wd_l2_fc2_h512.pth,fc2_h512_L[2]_ablation_wd_l2_fc2_h512.pth,2,4,normal,fc1_output_pre_if1,mean_over_time,0.154755311937952,0.0239492065730128,0.154755351810245,P_tolerant_same_position,|x_noisy-x_clean| < lambda/(2L),0.995750427246094,1566180,1572864,4.01067113876343,1.00266778469086,0.5,0.7071067811865476,gaussian,6,4,97.630000
noise3_exp/ablation_mne_l2_vs_weight_decay_l16_fc2_h512,noise3_exp/ablation_mne_l2_vs_weight_decay_l16_fc2_h512/fc2_h512_L[2]_ablation_wd_l2_fc2_h512.pth,fc2_h512_L[2]_ablation_wd_l2_fc2_h512.pth,2,8,normal,fc1_output_pre_if1,mean_over_time,0.109719055492654,0.0120382711382001,0.109719077237828,P_tolerant_same_position,|x_noisy-x_clean| < lambda/(2L),0.999458948771159,1572013,1572864,4.01067113876343,1.00266778469086,0.5,0.7071067811865476,gaussian,6,4,97.780000
noise3_exp/ablation_mne_l2_vs_weight_decay_l16_fc2_h512,noise3_exp/ablation_mne_l2_vs_weight_decay_l16_fc2_h512/fc2_h512_L[2]_ablation_wd_l2_fc2_h512.pth,fc2_h512_L[2]_ablation_wd_l2_fc2_h512.pth,2,16,normal,fc1_output_pre_if1,mean_over_time,0.0776973538334985,0.00603687879272787,0.0776973664672893,P_tolerant_same_position,|x_noisy-x_clean| < lambda/(2L),0.999989191691081,1572847,1572864,4.01067113876343,1.00266778469086,0.5,0.7071067811865476,gaussian,6,4,97.860000
noise3_exp/ablation_mne_l2_vs_weight_decay_l16_fc2_h512,noise3_exp/ablation_mne_l2_vs_weight_decay_l16_fc2_h512/fc2_h512_L[2]_ablation_wd_l2_fc2_h512.pth,fc2_h512_L[2]_ablation_wd_l2_fc2_h512.pth,2,32,normal,fc1_output_pre_if1,mean_over_time,0.0550535996508116,0.00303089883451185,0.0550536023009893,P_tolerant_same_position,|x_noisy-x_clean| < lambda/(2L),1,1572864,1572864,4.01067113876343,1.00266778469086,0.5,0.7071067811865476,gaussian,6,4,97.830000
mnist-checkpoints,mnist-checkpoints/fc2_h512_L[32]_ablation_mne_l2_l32_fc2_h512_rc1em03.pth,fc2_h512_L[32]_ablation_mne_l2_l32_fc2_h512_rc1em03.pth,32,2,normal,fc1_output_pre_if1,mean_over_time,6.78592229005839,46.0487413267113,6.78592761978342,P_tolerant_same_position,|x_noisy-x_clean| < lambda/(2L),0.839454015096029,1320347,1572864,181.094604492188,2.82960319519043,0.5,0.7071067811865476,gaussian,6,4,94.710000
mnist-checkpoints,mnist-checkpoints/fc2_h512_L[32]_ablation_mne_l2_l32_fc2_h512_rc1em03.pth,fc2_h512_L[32]_ablation_mne_l2_l32_fc2_h512_rc1em03.pth,32,4,normal,fc1_output_pre_if1,mean_over_time,4.78401941968543,22.8868418079273,4.78401993942092,P_tolerant_same_position,|x_noisy-x_clean| < lambda/(2L),0.850905736287435,1338359,1572864,181.094604492188,2.82960319519043,0.5,0.7071067811865476,gaussian,6,4,96.610000
mnist-checkpoints,mnist-checkpoints/fc2_h512_L[32]_ablation_mne_l2_l32_fc2_h512_rc1em03.pth,fc2_h512_L[32]_ablation_mne_l2_l32_fc2_h512_rc1em03.pth,32,8,normal,fc1_output_pre_if1,mean_over_time,3.38664814499207,11.4693856579783,3.38665032821817,P_tolerant_same_position,|x_noisy-x_clean| < lambda/(2L),0.867092132568359,1363818,1572864,181.094604492188,2.82960319519043,0.5,0.7071067811865476,gaussian,6,4,97.820000
mnist-checkpoints,mnist-checkpoints/fc2_h512_L[32]_ablation_mne_l2_l32_fc2_h512_rc1em03.pth,fc2_h512_L[32]_ablation_mne_l2_l32_fc2_h512_rc1em03.pth,32,16,normal,fc1_output_pre_if1,mean_over_time,2.39619014653506,5.74172721835171,2.39619756224342,P_tolerant_same_position,|x_noisy-x_clean| < lambda/(2L),0.888165791829427,1396964,1572864,181.094604492188,2.82960319519043,0.5,0.7071067811865476,gaussian,6,4,97.910000
mnist-checkpoints,mnist-checkpoints/fc2_h512_L[32]_ablation_mne_l2_l32_fc2_h512_rc1em03.pth,fc2_h512_L[32]_ablation_mne_l2_l32_fc2_h512_rc1em03.pth,32,32,normal,fc1_output_pre_if1,mean_over_time,1.70151731110385,2.89516115998607,1.70151993015494,P_tolerant_same_position,|x_noisy-x_clean| < lambda/(2L),0.914101918538411,1437758,1572864,181.094604492188,2.82960319519043,0.5,0.7071067811865476,gaussian,6,4,98.060000
noise3_exp/ablation_mne_l2_vs_weight_decay_l16_fc2_h512,noise3_exp/ablation_mne_l2_vs_weight_decay_l16_fc2_h512/fc2_h512_L[32]_ablation_none_l32_fc2_h512.pth,fc2_h512_L[32]_ablation_none_l32_fc2_h512.pth,32,2,normal,fc1_output_pre_if1,mean_over_time,8.29825866369123,68.8610968495265,8.2982630792808,P_tolerant_same_position,|x_noisy-x_clean| < lambda/(2L),0.00443140665690104,6970,1572864,0.661840438842773,0.0103412568569183,0.5,0.7071067811865476,gaussian,6,4,97.190000
noise3_exp/ablation_mne_l2_vs_weight_decay_l16_fc2_h512,noise3_exp/ablation_mne_l2_vs_weight_decay_l16_fc2_h512/fc2_h512_L[32]_ablation_none_l32_fc2_h512.pth,fc2_h512_L[32]_ablation_none_l32_fc2_h512.pth,32,4,normal,fc1_output_pre_if1,mean_over_time,5.88006231799125,34.5751328634606,5.88010186323394,P_tolerant_same_position,|x_noisy-x_clean| < lambda/(2L),0.00618298848470052,9725,1572864,0.661840438842773,0.0103412568569183,0.5,0.7071067811865476,gaussian,6,4,97.310000
noise3_exp/ablation_mne_l2_vs_weight_decay_l16_fc2_h512,noise3_exp/ablation_mne_l2_vs_weight_decay_l16_fc2_h512/fc2_h512_L[32]_ablation_none_l32_fc2_h512.pth,fc2_h512_L[32]_ablation_none_l32_fc2_h512.pth,32,8,normal,fc1_output_pre_if1,mean_over_time,4.14584779872966,17.1880539702315,4.14584781254424,P_tolerant_same_position,|x_noisy-x_clean| < lambda/(2L),0.00891621907552083,14024,1572864,0.661840438842773,0.0103412568569183,0.5,0.7071067811865476,gaussian,6,4,97.380000
noise3_exp/ablation_mne_l2_vs_weight_decay_l16_fc2_h512,noise3_exp/ablation_mne_l2_vs_weight_decay_l16_fc2_h512/fc2_h512_L[32]_ablation_none_l32_fc2_h512.pth,fc2_h512_L[32]_ablation_none_l32_fc2_h512.pth,32,16,normal,fc1_output_pre_if1,mean_over_time,2.93909602778292,8.63828546052934,2.93909832913809,P_tolerant_same_position,|x_noisy-x_clean| < lambda/(2L),0.012536366780599,19718,1572864,0.661840438842773,0.0103412568569183,0.5,0.7071067811865476,gaussian,6,4,97.380000
noise3_exp/ablation_mne_l2_vs_weight_decay_l16_fc2_h512,noise3_exp/ablation_mne_l2_vs_weight_decay_l16_fc2_h512/fc2_h512_L[32]_ablation_none_l32_fc2_h512.pth,fc2_h512_L[32]_ablation_none_l32_fc2_h512.pth,32,32,normal,fc1_output_pre_if1,mean_over_time,2.07619241072368,4.31057492634661,2.07619310035036,P_tolerant_same_position,|x_noisy-x_clean| < lambda/(2L),0.0177377065022786,27899,1572864,0.661840438842773,0.0103412568569183,0.5,0.7071067811865476,gaussian,6,4,97.380000
noise3_exp/ablation_mne_l2_vs_weight_decay_l16_fc2_h512,noise3_exp/ablation_mne_l2_vs_weight_decay_l16_fc2_h512/fc2_h512_L[32]_ablation_wd_l32_fc2_h512.pth,fc2_h512_L[32]_ablation_wd_l32_fc2_h512.pth,32,2,normal,fc1_output_pre_if1,mean_over_time,0.199250513255659,0.0397007670326435,0.199250543619196,P_tolerant_same_position,|x_noisy-x_clean| < lambda/(2L),0.914904912312826,1439021,1572864,4.66649103164673,0.0729139223694801,0.5,0.7071067811865476,gaussian,6,4,96.920000
noise3_exp/ablation_mne_l2_vs_weight_decay_l16_fc2_h512,noise3_exp/ablation_mne_l2_vs_weight_decay_l16_fc2_h512/fc2_h512_L[32]_ablation_wd_l32_fc2_h512.pth,fc2_h512_L[32]_ablation_wd_l32_fc2_h512.pth,32,4,normal,fc1_output_pre_if1,mean_over_time,0.141013233215512,0.0198847319418924,0.141013440117857,P_tolerant_same_position,|x_noisy-x_clean| < lambda/(2L),0.918412526448568,1444538,1572864,4.66649103164673,0.0729139223694801,0.5,0.7071067811865476,gaussian,6,4,97.770000
noise3_exp/ablation_mne_l2_vs_weight_decay_l16_fc2_h512,noise3_exp/ablation_mne_l2_vs_weight_decay_l16_fc2_h512/fc2_h512_L[32]_ablation_wd_l32_fc2_h512.pth,fc2_h512_L[32]_ablation_wd_l32_fc2_h512.pth,32,8,normal,fc1_output_pre_if1,mean_over_time,0.0997970731825254,0.00995945581579833,0.0997970904686327,P_tolerant_same_position,|x_noisy-x_clean| < lambda/(2L),0.923374176025391,1452342,1572864,4.66649103164673,0.0729139223694801,0.5,0.7071067811865476,gaussian,6,4,97.910000
noise3_exp/ablation_mne_l2_vs_weight_decay_l16_fc2_h512,noise3_exp/ablation_mne_l2_vs_weight_decay_l16_fc2_h512/fc2_h512_L[32]_ablation_wd_l32_fc2_h512.pth,fc2_h512_L[32]_ablation_wd_l32_fc2_h512.pth,32,16,normal,fc1_output_pre_if1,mean_over_time,0.0705308396223384,0.00497459933783202,0.0705308458669121,P_tolerant_same_position,|x_noisy-x_clean| < lambda/(2L),0.930220286051432,1463110,1572864,4.66649103164673,0.0729139223694801,0.5,0.7071067811865476,gaussian,6,4,97.850000
noise3_exp/ablation_mne_l2_vs_weight_decay_l16_fc2_h512,noise3_exp/ablation_mne_l2_vs_weight_decay_l16_fc2_h512/fc2_h512_L[32]_ablation_wd_l32_fc2_h512.pth,fc2_h512_L[32]_ablation_wd_l32_fc2_h512.pth,32,32,normal,fc1_output_pre_if1,mean_over_time,0.0496724036872671,0.00246734768807082,0.0496724043635103,P_tolerant_same_position,|x_noisy-x_clean| < lambda/(2L),0.94006093343099,1478588,1572864,4.66649103164673,0.0729139223694801,0.5,0.7071067811865476,gaussian,6,4,98.030000
mnist-checkpoints,mnist-checkpoints/fc2_h512_L[4]_ablation_mne_l2_l4_fc2_h512_rc1em03.pth,fc2_h512_L[4]_ablation_mne_l2_l4_fc2_h512_rc1em03.pth,4,2,normal,fc1_output_pre_if1,mean_over_time,5.72978243491435,32.8304067514531,5.72978280193381,P_tolerant_same_position,|x_noisy-x_clean| < lambda/(2L),0.831673940022786,1308110,1572864,44.2394180297852,5.52992725372314,0.5,0.7071067811865476,gaussian,6,4,97.870000
mnist-checkpoints,mnist-checkpoints/fc2_h512_L[4]_ablation_mne_l2_l4_fc2_h512_rc1em03.pth,fc2_h512_L[4]_ablation_mne_l2_l4_fc2_h512_rc1em03.pth,4,4,normal,fc1_output_pre_if1,mean_over_time,4.05406200902114,16.4354187729885,4.05406202760834,P_tolerant_same_position,|x_noisy-x_clean| < lambda/(2L),0.87291145324707,1372971,1572864,44.2394180297852,5.52992725372314,0.5,0.7071067811865476,gaussian,6,4,98.150000
mnist-checkpoints,mnist-checkpoints/fc2_h512_L[4]_ablation_mne_l2_l4_fc2_h512_rc1em03.pth,fc2_h512_L[4]_ablation_mne_l2_l4_fc2_h512_rc1em03.pth,4,8,normal,fc1_output_pre_if1,mean_over_time,2.86422136903037,8.20376405081021,2.86422330963653,P_tolerant_same_position,|x_noisy-x_clean| < lambda/(2L),0.91876220703125,1445088,1572864,44.2394180297852,5.52992725372314,0.5,0.7071067811865476,gaussian,6,4,97.980000
mnist-checkpoints,mnist-checkpoints/fc2_h512_L[4]_ablation_mne_l2_l4_fc2_h512_rc1em03.pth,fc2_h512_L[4]_ablation_mne_l2_l4_fc2_h512_rc1em03.pth,4,16,normal,fc1_output_pre_if1,mean_over_time,2.02740974090921,4.11039025753356,2.02740983604173,P_tolerant_same_position,|x_noisy-x_clean| < lambda/(2L),0.960003534952799,1509955,1572864,44.2394180297852,5.52992725372314,0.5,0.7071067811865476,gaussian,6,4,98.110000
mnist-checkpoints,mnist-checkpoints/fc2_h512_L[4]_ablation_mne_l2_l4_fc2_h512_rc1em03.pth,fc2_h512_L[4]_ablation_mne_l2_l4_fc2_h512_rc1em03.pth,4,32,normal,fc1_output_pre_if1,mean_over_time,1.43008694472354,2.04514866946871,1.43008953445247,P_tolerant_same_position,|x_noisy-x_clean| < lambda/(2L),0.987644831339518,1553431,1572864,44.2394180297852,5.52992725372314,0.5,0.7071067811865476,gaussian,6,4,98.130000
noise3_exp/ablation_mne_l2_vs_weight_decay_l16_fc2_h512,noise3_exp/ablation_mne_l2_vs_weight_decay_l16_fc2_h512/fc2_h512_L[4]_ablation_none_l4_fc2_h512.pth,fc2_h512_L[4]_ablation_none_l4_fc2_h512.pth,4,2,normal,fc1_output_pre_if1,mean_over_time,9.36911665538638,87.7803469022385,9.3691234056989,P_tolerant_same_position,|x_noisy-x_clean| < lambda/(2L),0.0161088307698568,25337,1572864,0.420567721128464,0.052570965141058,0.5,0.7071067811865476,gaussian,6,4,97.360000
noise3_exp/ablation_mne_l2_vs_weight_decay_l16_fc2_h512,noise3_exp/ablation_mne_l2_vs_weight_decay_l16_fc2_h512/fc2_h512_L[4]_ablation_none_l4_fc2_h512.pth,fc2_h512_L[4]_ablation_none_l4_fc2_h512.pth,4,4,normal,fc1_output_pre_if1,mean_over_time,6.63121213127434,43.97297432996,6.631225791549,P_tolerant_same_position,|x_noisy-x_clean| < lambda/(2L),0.0227667490641276,35809,1572864,0.420567721128464,0.052570965141058,0.5,0.7071067811865476,gaussian,6,4,97.340000
noise3_exp/ablation_mne_l2_vs_weight_decay_l16_fc2_h512,noise3_exp/ablation_mne_l2_vs_weight_decay_l16_fc2_h512/fc2_h512_L[4]_ablation_none_l4_fc2_h512.pth,fc2_h512_L[4]_ablation_none_l4_fc2_h512.pth,4,8,normal,fc1_output_pre_if1,mean_over_time,4.6950829300916,22.0438037204375,4.69511161793395,P_tolerant_same_position,|x_noisy-x_clean| < lambda/(2L),0.031561533610026,49642,1572864,0.420567721128464,0.052570965141058,0.5,0.7071067811865476,gaussian,6,4,97.350000
noise3_exp/ablation_mne_l2_vs_weight_decay_l16_fc2_h512,noise3_exp/ablation_mne_l2_vs_weight_decay_l16_fc2_h512/fc2_h512_L[4]_ablation_none_l4_fc2_h512.pth,fc2_h512_L[4]_ablation_none_l4_fc2_h512.pth,4,16,normal,fc1_output_pre_if1,mean_over_time,3.31205855573706,10.9697318766311,3.31205860531982,P_tolerant_same_position,|x_noisy-x_clean| < lambda/(2L),0.0447438557942708,70376,1572864,0.420567721128464,0.052570965141058,0.5,0.7071067811865476,gaussian,6,4,97.330000
noise3_exp/ablation_mne_l2_vs_weight_decay_l16_fc2_h512,noise3_exp/ablation_mne_l2_vs_weight_decay_l16_fc2_h512/fc2_h512_L[4]_ablation_none_l4_fc2_h512.pth,fc2_h512_L[4]_ablation_none_l4_fc2_h512.pth,4,32,normal,fc1_output_pre_if1,mean_over_time,2.33784204175587,5.46550541220124,2.337849496869,P_tolerant_same_position,|x_noisy-x_clean| < lambda/(2L),0.0637245178222656,100230,1572864,0.420567721128464,0.052570965141058,0.5,0.7071067811865476,gaussian,6,4,97.330000
noise3_exp/ablation_mne_l2_vs_weight_decay_l16_fc2_h512,noise3_exp/ablation_mne_l2_vs_weight_decay_l16_fc2_h512/fc2_h512_L[4]_ablation_wd_l4_fc2_h512.pth,fc2_h512_L[4]_ablation_wd_l4_fc2_h512.pth,4,2,normal,fc1_output_pre_if1,mean_over_time,0.218011344140189,0.0475289461738121,0.218011391791515,P_tolerant_same_position,|x_noisy-x_clean| < lambda/(2L),0.960967381795247,1511471,1572864,4.48047304153442,0.560059130191803,0.5,0.7071067811865476,gaussian,6,4,97.100000
noise3_exp/ablation_mne_l2_vs_weight_decay_l16_fc2_h512,noise3_exp/ablation_mne_l2_vs_weight_decay_l16_fc2_h512/fc2_h512_L[4]_ablation_wd_l4_fc2_h512.pth,fc2_h512_L[4]_ablation_wd_l4_fc2_h512.pth,4,4,normal,fc1_output_pre_if1,mean_over_time,0.154132910358813,0.023756954055678,0.154132913841933,P_tolerant_same_position,|x_noisy-x_clean| < lambda/(2L),0.975773493448893,1534759,1572864,4.48047304153442,0.560059130191803,0.5,0.7071067811865476,gaussian,6,4,97.690000
noise3_exp/ablation_mne_l2_vs_weight_decay_l16_fc2_h512,noise3_exp/ablation_mne_l2_vs_weight_decay_l16_fc2_h512/fc2_h512_L[4]_ablation_wd_l4_fc2_h512.pth,fc2_h512_L[4]_ablation_wd_l4_fc2_h512.pth,4,8,normal,fc1_output_pre_if1,mean_over_time,0.109468092917183,0.0119832633669251,0.109468108060586,P_tolerant_same_position,|x_noisy-x_clean| < lambda/(2L),0.988960266113281,1555500,1572864,4.48047304153442,0.560059130191803,0.5,0.7071067811865476,gaussian,6,4,97.740000
noise3_exp/ablation_mne_l2_vs_weight_decay_l16_fc2_h512,noise3_exp/ablation_mne_l2_vs_weight_decay_l16_fc2_h512/fc2_h512_L[4]_ablation_wd_l4_fc2_h512.pth,fc2_h512_L[4]_ablation_wd_l4_fc2_h512.pth,4,16,normal,fc1_output_pre_if1,mean_over_time,0.0770992081632393,0.0059442878993985,0.0770992083505852,P_tolerant_same_position,|x_noisy-x_clean| < lambda/(2L),0.997215270996094,1568484,1572864,4.48047304153442,0.560059130191803,0.5,0.7071067811865476,gaussian,6,4,97.760000
noise3_exp/ablation_mne_l2_vs_weight_decay_l16_fc2_h512,noise3_exp/ablation_mne_l2_vs_weight_decay_l16_fc2_h512/fc2_h512_L[4]_ablation_wd_l4_fc2_h512.pth,fc2_h512_L[4]_ablation_wd_l4_fc2_h512.pth,4,32,normal,fc1_output_pre_if1,mean_over_time,0.0546483550927895,0.00298644271434761,0.054648361665712,P_tolerant_same_position,|x_noisy-x_clean| < lambda/(2L),0.99970817565918,1572405,1572864,4.48047304153442,0.560059130191803,0.5,0.7071067811865476,gaussian,6,4,97.820000
mnist-checkpoints,mnist-checkpoints/fc2_h512_L[8]_ablation_mne_l2_l8_fc2_h512_rc1em03.pth,fc2_h512_L[8]_ablation_mne_l2_l8_fc2_h512_rc1em03.pth,8,2,normal,fc1_output_pre_if1,mean_over_time,5.70375489386185,32.532819889253,5.70376774897932,P_tolerant_same_position,|x_noisy-x_clean| < lambda/(2L),0.833723704020182,1311334,1572864,67.0598449707031,4.19124031066895,0.5,0.7071067811865476,gaussian,6,4,97.560000
mnist-checkpoints,mnist-checkpoints/fc2_h512_L[8]_ablation_mne_l2_l8_fc2_h512_rc1em03.pth,fc2_h512_L[8]_ablation_mne_l2_l8_fc2_h512_rc1em03.pth,8,4,normal,fc1_output_pre_if1,mean_over_time,4.02751968650872,16.2209148252153,4.02752191326479,P_tolerant_same_position,|x_noisy-x_clean| < lambda/(2L),0.860026041666667,1352704,1572864,67.0598449707031,4.19124031066895,0.5,0.7071067811865476,gaussian,6,4,97.880000
mnist-checkpoints,mnist-checkpoints/fc2_h512_L[8]_ablation_mne_l2_l8_fc2_h512_rc1em03.pth,fc2_h512_L[8]_ablation_mne_l2_l8_fc2_h512_rc1em03.pth,8,8,normal,fc1_output_pre_if1,mean_over_time,2.84681166200417,8.10433663892293,2.8468128589781,P_tolerant_same_position,|x_noisy-x_clean| < lambda/(2L),0.892539342244466,1403843,1572864,67.0598449707031,4.19124031066895,0.5,0.7071067811865476,gaussian,6,4,98.040000
mnist-checkpoints,mnist-checkpoints/fc2_h512_L[8]_ablation_mne_l2_l8_fc2_h512_rc1em03.pth,fc2_h512_L[8]_ablation_mne_l2_l8_fc2_h512_rc1em03.pth,8,16,normal,fc1_output_pre_if1,mean_over_time,2.0105648369274,4.04237096348892,2.01057334562794,P_tolerant_same_position,|x_noisy-x_clean| < lambda/(2L),0.929666519165039,1462239,1572864,67.0598449707031,4.19124031066895,0.5,0.7071067811865476,gaussian,6,4,98.110000
mnist-checkpoints,mnist-checkpoints/fc2_h512_L[8]_ablation_mne_l2_l8_fc2_h512_rc1em03.pth,fc2_h512_L[8]_ablation_mne_l2_l8_fc2_h512_rc1em03.pth,8,32,normal,fc1_output_pre_if1,mean_over_time,1.41960210164102,2.0152701269836,1.41960210579594,P_tolerant_same_position,|x_noisy-x_clean| < lambda/(2L),0.964976628621419,1517777,1572864,67.0598449707031,4.19124031066895,0.5,0.7071067811865476,gaussian,6,4,98.140000
noise3_exp/ablation_mne_l2_vs_weight_decay_l16_fc2_h512,noise3_exp/ablation_mne_l2_vs_weight_decay_l16_fc2_h512/fc2_h512_L[8]_ablation_none_l8_fc2_h512.pth,fc2_h512_L[8]_ablation_none_l8_fc2_h512.pth,8,2,normal,fc1_output_pre_if1,mean_over_time,8.54355265577884,72.9922919820656,8.54362789681654,P_tolerant_same_position,|x_noisy-x_clean| < lambda/(2L),0.0157159169514974,24719,1572864,0.60359138250351,0.0377244614064693,0.5,0.7071067811865476,gaussian,6,4,97.310000
noise3_exp/ablation_mne_l2_vs_weight_decay_l16_fc2_h512,noise3_exp/ablation_mne_l2_vs_weight_decay_l16_fc2_h512/fc2_h512_L[8]_ablation_none_l8_fc2_h512.pth,fc2_h512_L[8]_ablation_none_l8_fc2_h512.pth,8,4,normal,fc1_output_pre_if1,mean_over_time,6.04478736539937,36.5394542928919,6.04478774735922,P_tolerant_same_position,|x_noisy-x_clean| < lambda/(2L),0.0221703847249349,34871,1572864,0.60359138250351,0.0377244614064693,0.5,0.7071067811865476,gaussian,6,4,97.540000
noise3_exp/ablation_mne_l2_vs_weight_decay_l16_fc2_h512,noise3_exp/ablation_mne_l2_vs_weight_decay_l16_fc2_h512/fc2_h512_L[8]_ablation_none_l8_fc2_h512.pth,fc2_h512_L[8]_ablation_none_l8_fc2_h512.pth,8,8,normal,fc1_output_pre_if1,mean_over_time,4.27772994201673,18.2989734568265,4.27775518334327,P_tolerant_same_position,|x_noisy-x_clean| < lambda/(2L),0.0314235687255859,49425,1572864,0.60359138250351,0.0377244614064693,0.5,0.7071067811865476,gaussian,6,4,97.580000
noise3_exp/ablation_mne_l2_vs_weight_decay_l16_fc2_h512,noise3_exp/ablation_mne_l2_vs_weight_decay_l16_fc2_h512/fc2_h512_L[8]_ablation_none_l8_fc2_h512.pth,fc2_h512_L[8]_ablation_none_l8_fc2_h512.pth,8,16,normal,fc1_output_pre_if1,mean_over_time,3.01668345980505,9.10037909666139,3.01668777581376,P_tolerant_same_position,|x_noisy-x_clean| < lambda/(2L),0.0444316864013672,69885,1572864,0.60359138250351,0.0377244614064693,0.5,0.7071067811865476,gaussian,6,4,97.630000
noise3_exp/ablation_mne_l2_vs_weight_decay_l16_fc2_h512,noise3_exp/ablation_mne_l2_vs_weight_decay_l16_fc2_h512/fc2_h512_L[8]_ablation_none_l8_fc2_h512.pth,fc2_h512_L[8]_ablation_none_l8_fc2_h512.pth,8,32,normal,fc1_output_pre_if1,mean_over_time,2.13125147298373,4.54223284109534,2.13125319531929,P_tolerant_same_position,|x_noisy-x_clean| < lambda/(2L),0.0627028147379557,98623,1572864,0.60359138250351,0.0377244614064693,0.5,0.7071067811865476,gaussian,6,4,97.500000
noise3_exp/ablation_mne_l2_vs_weight_decay_l16_fc2_h512,noise3_exp/ablation_mne_l2_vs_weight_decay_l16_fc2_h512/fc2_h512_L[8]_ablation_wd_l8_fc2_h512.pth,fc2_h512_L[8]_ablation_wd_l8_fc2_h512.pth,8,2,normal,fc1_output_pre_if1,mean_over_time,0.209152332679897,0.0437446982654425,0.209152400350046,P_tolerant_same_position,|x_noisy-x_clean| < lambda/(2L),0.940924962361654,1479947,1572864,4.75437450408936,0.297148406505585,0.5,0.7071067811865476,gaussian,6,4,96.980000
noise3_exp/ablation_mne_l2_vs_weight_decay_l16_fc2_h512,noise3_exp/ablation_mne_l2_vs_weight_decay_l16_fc2_h512/fc2_h512_L[8]_ablation_wd_l8_fc2_h512.pth,fc2_h512_L[8]_ablation_wd_l8_fc2_h512.pth,8,4,normal,fc1_output_pre_if1,mean_over_time,0.147928464916668,0.0218828307326019,0.147928490618781,P_tolerant_same_position,|x_noisy-x_clean| < lambda/(2L),0.952105204264323,1497532,1572864,4.75437450408936,0.297148406505585,0.5,0.7071067811865476,gaussian,6,4,97.630000
noise3_exp/ablation_mne_l2_vs_weight_decay_l16_fc2_h512,noise3_exp/ablation_mne_l2_vs_weight_decay_l16_fc2_h512/fc2_h512_L[8]_ablation_wd_l8_fc2_h512.pth,fc2_h512_L[8]_ablation_wd_l8_fc2_h512.pth,8,8,normal,fc1_output_pre_if1,mean_over_time,0.104733413489898,0.010969087901246,0.104733414820632,P_tolerant_same_position,|x_noisy-x_clean| < lambda/(2L),0.96556027730306,1518695,1572864,4.75437450408936,0.297148406505585,0.5,0.7071067811865476,gaussian,6,4,97.850000
noise3_exp/ablation_mne_l2_vs_weight_decay_l16_fc2_h512,noise3_exp/ablation_mne_l2_vs_weight_decay_l16_fc2_h512/fc2_h512_L[8]_ablation_wd_l8_fc2_h512.pth,fc2_h512_L[8]_ablation_wd_l8_fc2_h512.pth,8,16,normal,fc1_output_pre_if1,mean_over_time,0.0741127817101591,0.0054927044128177,0.0741127830406459,P_tolerant_same_position,|x_noisy-x_clean| < lambda/(2L),0.979837417602539,1541151,1572864,4.75437450408936,0.297148406505585,0.5,0.7071067811865476,gaussian,6,4,97.790000
noise3_exp/ablation_mne_l2_vs_weight_decay_l16_fc2_h512,noise3_exp/ablation_mne_l2_vs_weight_decay_l16_fc2_h512/fc2_h512_L[8]_ablation_wd_l8_fc2_h512.pth,fc2_h512_L[8]_ablation_wd_l8_fc2_h512.pth,8,32,normal,fc1_output_pre_if1,mean_over_time,0.0522739333348235,0.00273256410629357,0.0522739393386855,P_tolerant_same_position,|x_noisy-x_clean| < lambda/(2L),0.992028554280599,1560326,1572864,4.75437450408936,0.297148406505585,0.5,0.7071067811865476,gaussian,6,4,97.830000
