arch,hidden_size,regularizer,L,T,seed,if_mode,acc,checkpoint
fc3_h4,4,weight_decay,2,2,40,normal,84.600000,mnist-checkpoints/fc3_h4_L[2]_strict_seed40_ablation_wd_l2_fc3_h4.pth
fc3_h4,4,weight_decay,2,2,41,normal,11.350000,mnist-checkpoints/fc3_h4_L[2]_strict_seed41_ablation_wd_l2_fc3_h4.pth
fc3_h4,4,weight_decay,2,2,42,normal,76.280000,mnist-checkpoints/fc3_h4_L[2]_strict_seed42_ablation_wd_l2_fc3_h4.pth
fc3_h4,4,weight_decay,2,2,43,normal,66.210000,mnist-checkpoints/fc3_h4_L[2]_strict_seed43_ablation_wd_l2_fc3_h4.pth
fc3_h4,4,weight_decay,2,2,44,normal,38.660000,mnist-checkpoints/fc3_h4_L[2]_strict_seed44_ablation_wd_l2_fc3_h4.pth
fc3_h4,4,weight_decay,2,4,40,normal,85.210000,mnist-checkpoints/fc3_h4_L[2]_strict_seed40_ablation_wd_l2_fc3_h4.pth
fc3_h4,4,weight_decay,2,4,41,normal,11.350000,mnist-checkpoints/fc3_h4_L[2]_strict_seed41_ablation_wd_l2_fc3_h4.pth
fc3_h4,4,weight_decay,2,4,42,normal,76.860000,mnist-checkpoints/fc3_h4_L[2]_strict_seed42_ablation_wd_l2_fc3_h4.pth
fc3_h4,4,weight_decay,2,4,43,normal,67.290000,mnist-checkpoints/fc3_h4_L[2]_strict_seed43_ablation_wd_l2_fc3_h4.pth
fc3_h4,4,weight_decay,2,4,44,normal,38.350000,mnist-checkpoints/fc3_h4_L[2]_strict_seed44_ablation_wd_l2_fc3_h4.pth
fc3_h4,4,weight_decay,2,8,40,normal,85.120000,mnist-checkpoints/fc3_h4_L[2]_strict_seed40_ablation_wd_l2_fc3_h4.pth
fc3_h4,4,weight_decay,2,8,41,normal,11.350000,mnist-checkpoints/fc3_h4_L[2]_strict_seed41_ablation_wd_l2_fc3_h4.pth
fc3_h4,4,weight_decay,2,8,42,normal,76.490000,mnist-checkpoints/fc3_h4_L[2]_strict_seed42_ablation_wd_l2_fc3_h4.pth
fc3_h4,4,weight_decay,2,8,43,normal,67.220000,mnist-checkpoints/fc3_h4_L[2]_strict_seed43_ablation_wd_l2_fc3_h4.pth
fc3_h4,4,weight_decay,2,8,44,normal,38.260000,mnist-checkpoints/fc3_h4_L[2]_strict_seed44_ablation_wd_l2_fc3_h4.pth
fc3_h4,4,weight_decay,2,16,40,normal,85.220000,mnist-checkpoints/fc3_h4_L[2]_strict_seed40_ablation_wd_l2_fc3_h4.pth
fc3_h4,4,weight_decay,2,16,41,normal,11.350000,mnist-checkpoints/fc3_h4_L[2]_strict_seed41_ablation_wd_l2_fc3_h4.pth
fc3_h4,4,weight_decay,2,16,42,normal,76.700000,mnist-checkpoints/fc3_h4_L[2]_strict_seed42_ablation_wd_l2_fc3_h4.pth
fc3_h4,4,weight_decay,2,16,43,normal,66.940000,mnist-checkpoints/fc3_h4_L[2]_strict_seed43_ablation_wd_l2_fc3_h4.pth
fc3_h4,4,weight_decay,2,16,44,normal,38.080000,mnist-checkpoints/fc3_h4_L[2]_strict_seed44_ablation_wd_l2_fc3_h4.pth
fc3_h4,4,weight_decay,2,32,40,normal,85.230000,mnist-checkpoints/fc3_h4_L[2]_strict_seed40_ablation_wd_l2_fc3_h4.pth
fc3_h4,4,weight_decay,2,32,41,normal,11.350000,mnist-checkpoints/fc3_h4_L[2]_strict_seed41_ablation_wd_l2_fc3_h4.pth
fc3_h4,4,weight_decay,2,32,42,normal,76.770000,mnist-checkpoints/fc3_h4_L[2]_strict_seed42_ablation_wd_l2_fc3_h4.pth
fc3_h4,4,weight_decay,2,32,43,normal,66.830000,mnist-checkpoints/fc3_h4_L[2]_strict_seed43_ablation_wd_l2_fc3_h4.pth
fc3_h4,4,weight_decay,2,32,44,normal,37.900000,mnist-checkpoints/fc3_h4_L[2]_strict_seed44_ablation_wd_l2_fc3_h4.pth
fc3_h4,4,weight_decay,4,2,40,normal,66.880000,mnist-checkpoints/fc3_h4_L[4]_strict_seed40_ablation_wd_l4_fc3_h4.pth
fc3_h4,4,weight_decay,4,2,41,normal,56.920000,mnist-checkpoints/fc3_h4_L[4]_strict_seed41_ablation_wd_l4_fc3_h4.pth
fc3_h4,4,weight_decay,4,2,42,normal,64.980000,mnist-checkpoints/fc3_h4_L[4]_strict_seed42_ablation_wd_l4_fc3_h4.pth
fc3_h4,4,weight_decay,4,2,43,normal,67.610000,mnist-checkpoints/fc3_h4_L[4]_strict_seed43_ablation_wd_l4_fc3_h4.pth
fc3_h4,4,weight_decay,4,2,44,normal,40.000000,mnist-checkpoints/fc3_h4_L[4]_strict_seed44_ablation_wd_l4_fc3_h4.pth
fc3_h4,4,weight_decay,4,4,40,normal,80.600000,mnist-checkpoints/fc3_h4_L[4]_strict_seed40_ablation_wd_l4_fc3_h4.pth
fc3_h4,4,weight_decay,4,4,41,normal,63.480000,mnist-checkpoints/fc3_h4_L[4]_strict_seed41_ablation_wd_l4_fc3_h4.pth
fc3_h4,4,weight_decay,4,4,42,normal,80.200000,mnist-checkpoints/fc3_h4_L[4]_strict_seed42_ablation_wd_l4_fc3_h4.pth
fc3_h4,4,weight_decay,4,4,43,normal,77.870000,mnist-checkpoints/fc3_h4_L[4]_strict_seed43_ablation_wd_l4_fc3_h4.pth
fc3_h4,4,weight_decay,4,4,44,normal,53.120000,mnist-checkpoints/fc3_h4_L[4]_strict_seed44_ablation_wd_l4_fc3_h4.pth
fc3_h4,4,weight_decay,4,8,40,normal,81.100000,mnist-checkpoints/fc3_h4_L[4]_strict_seed40_ablation_wd_l4_fc3_h4.pth
fc3_h4,4,weight_decay,4,8,41,normal,64.620000,mnist-checkpoints/fc3_h4_L[4]_strict_seed41_ablation_wd_l4_fc3_h4.pth
fc3_h4,4,weight_decay,4,8,42,normal,82.010000,mnist-checkpoints/fc3_h4_L[4]_strict_seed42_ablation_wd_l4_fc3_h4.pth
fc3_h4,4,weight_decay,4,8,43,normal,81.770000,mnist-checkpoints/fc3_h4_L[4]_strict_seed43_ablation_wd_l4_fc3_h4.pth
fc3_h4,4,weight_decay,4,8,44,normal,55.590000,mnist-checkpoints/fc3_h4_L[4]_strict_seed44_ablation_wd_l4_fc3_h4.pth
fc3_h4,4,weight_decay,4,16,40,normal,81.730000,mnist-checkpoints/fc3_h4_L[4]_strict_seed40_ablation_wd_l4_fc3_h4.pth
fc3_h4,4,weight_decay,4,16,41,normal,65.160000,mnist-checkpoints/fc3_h4_L[4]_strict_seed41_ablation_wd_l4_fc3_h4.pth
fc3_h4,4,weight_decay,4,16,42,normal,82.320000,mnist-checkpoints/fc3_h4_L[4]_strict_seed42_ablation_wd_l4_fc3_h4.pth
fc3_h4,4,weight_decay,4,16,43,normal,82.530000,mnist-checkpoints/fc3_h4_L[4]_strict_seed43_ablation_wd_l4_fc3_h4.pth
fc3_h4,4,weight_decay,4,16,44,normal,55.840000,mnist-checkpoints/fc3_h4_L[4]_strict_seed44_ablation_wd_l4_fc3_h4.pth
fc3_h4,4,weight_decay,4,32,40,normal,81.590000,mnist-checkpoints/fc3_h4_L[4]_strict_seed40_ablation_wd_l4_fc3_h4.pth
fc3_h4,4,weight_decay,4,32,41,normal,65.250000,mnist-checkpoints/fc3_h4_L[4]_strict_seed41_ablation_wd_l4_fc3_h4.pth
fc3_h4,4,weight_decay,4,32,42,normal,82.310000,mnist-checkpoints/fc3_h4_L[4]_strict_seed42_ablation_wd_l4_fc3_h4.pth
fc3_h4,4,weight_decay,4,32,43,normal,82.700000,mnist-checkpoints/fc3_h4_L[4]_strict_seed43_ablation_wd_l4_fc3_h4.pth
fc3_h4,4,weight_decay,4,32,44,normal,55.630000,mnist-checkpoints/fc3_h4_L[4]_strict_seed44_ablation_wd_l4_fc3_h4.pth
fc3_h4,4,weight_decay,8,2,40,normal,59.700000,mnist-checkpoints/fc3_h4_L[8]_strict_seed40_ablation_wd_l8_fc3_h4.pth
fc3_h4,4,weight_decay,8,2,41,normal,11.350000,mnist-checkpoints/fc3_h4_L[8]_strict_seed41_ablation_wd_l8_fc3_h4.pth
fc3_h4,4,weight_decay,8,2,42,normal,54.140000,mnist-checkpoints/fc3_h4_L[8]_strict_seed42_ablation_wd_l8_fc3_h4.pth
fc3_h4,4,weight_decay,8,2,43,normal,64.320000,mnist-checkpoints/fc3_h4_L[8]_strict_seed43_ablation_wd_l8_fc3_h4.pth
fc3_h4,4,weight_decay,8,2,44,normal,21.380000,mnist-checkpoints/fc3_h4_L[8]_strict_seed44_ablation_wd_l8_fc3_h4.pth
fc3_h4,4,weight_decay,8,4,40,normal,77.260000,mnist-checkpoints/fc3_h4_L[8]_strict_seed40_ablation_wd_l8_fc3_h4.pth
fc3_h4,4,weight_decay,8,4,41,normal,11.350000,mnist-checkpoints/fc3_h4_L[8]_strict_seed41_ablation_wd_l8_fc3_h4.pth
fc3_h4,4,weight_decay,8,4,42,normal,79.810000,mnist-checkpoints/fc3_h4_L[8]_strict_seed42_ablation_wd_l8_fc3_h4.pth
fc3_h4,4,weight_decay,8,4,43,normal,77.440000,mnist-checkpoints/fc3_h4_L[8]_strict_seed43_ablation_wd_l8_fc3_h4.pth
fc3_h4,4,weight_decay,8,4,44,normal,38.750000,mnist-checkpoints/fc3_h4_L[8]_strict_seed44_ablation_wd_l8_fc3_h4.pth
fc3_h4,4,weight_decay,8,8,40,normal,81.860000,mnist-checkpoints/fc3_h4_L[8]_strict_seed40_ablation_wd_l8_fc3_h4.pth
fc3_h4,4,weight_decay,8,8,41,normal,11.350000,mnist-checkpoints/fc3_h4_L[8]_strict_seed41_ablation_wd_l8_fc3_h4.pth
fc3_h4,4,weight_decay,8,8,42,normal,83.440000,mnist-checkpoints/fc3_h4_L[8]_strict_seed42_ablation_wd_l8_fc3_h4.pth
fc3_h4,4,weight_decay,8,8,43,normal,81.950000,mnist-checkpoints/fc3_h4_L[8]_strict_seed43_ablation_wd_l8_fc3_h4.pth
fc3_h4,4,weight_decay,8,8,44,normal,41.950000,mnist-checkpoints/fc3_h4_L[8]_strict_seed44_ablation_wd_l8_fc3_h4.pth
fc3_h4,4,weight_decay,8,16,40,normal,81.900000,mnist-checkpoints/fc3_h4_L[8]_strict_seed40_ablation_wd_l8_fc3_h4.pth
fc3_h4,4,weight_decay,8,16,41,normal,11.350000,mnist-checkpoints/fc3_h4_L[8]_strict_seed41_ablation_wd_l8_fc3_h4.pth
fc3_h4,4,weight_decay,8,16,42,normal,83.890000,mnist-checkpoints/fc3_h4_L[8]_strict_seed42_ablation_wd_l8_fc3_h4.pth
fc3_h4,4,weight_decay,8,16,43,normal,82.200000,mnist-checkpoints/fc3_h4_L[8]_strict_seed43_ablation_wd_l8_fc3_h4.pth
fc3_h4,4,weight_decay,8,16,44,normal,42.160000,mnist-checkpoints/fc3_h4_L[8]_strict_seed44_ablation_wd_l8_fc3_h4.pth
fc3_h4,4,weight_decay,8,32,40,normal,82.110000,mnist-checkpoints/fc3_h4_L[8]_strict_seed40_ablation_wd_l8_fc3_h4.pth
fc3_h4,4,weight_decay,8,32,41,normal,11.350000,mnist-checkpoints/fc3_h4_L[8]_strict_seed41_ablation_wd_l8_fc3_h4.pth
fc3_h4,4,weight_decay,8,32,42,normal,84.080000,mnist-checkpoints/fc3_h4_L[8]_strict_seed42_ablation_wd_l8_fc3_h4.pth
fc3_h4,4,weight_decay,8,32,43,normal,82.060000,mnist-checkpoints/fc3_h4_L[8]_strict_seed43_ablation_wd_l8_fc3_h4.pth
fc3_h4,4,weight_decay,8,32,44,normal,43.090000,mnist-checkpoints/fc3_h4_L[8]_strict_seed44_ablation_wd_l8_fc3_h4.pth
fc3_h4,4,weight_decay,16,2,40,normal,59.530000,mnist-checkpoints/fc3_h4_L[16]_strict_seed40_ablation_wd_l16_fc3_h4.pth
fc3_h4,4,weight_decay,16,2,41,normal,18.740000,mnist-checkpoints/fc3_h4_L[16]_strict_seed41_ablation_wd_l16_fc3_h4.pth
fc3_h4,4,weight_decay,16,2,42,normal,20.480000,mnist-checkpoints/fc3_h4_L[16]_strict_seed42_ablation_wd_l16_fc3_h4.pth
fc3_h4,4,weight_decay,16,2,43,normal,62.230000,mnist-checkpoints/fc3_h4_L[16]_strict_seed43_ablation_wd_l16_fc3_h4.pth
fc3_h4,4,weight_decay,16,2,44,normal,37.440000,mnist-checkpoints/fc3_h4_L[16]_strict_seed44_ablation_wd_l16_fc3_h4.pth
fc3_h4,4,weight_decay,16,4,40,normal,71.860000,mnist-checkpoints/fc3_h4_L[16]_strict_seed40_ablation_wd_l16_fc3_h4.pth
fc3_h4,4,weight_decay,16,4,41,normal,27.530000,mnist-checkpoints/fc3_h4_L[16]_strict_seed41_ablation_wd_l16_fc3_h4.pth
fc3_h4,4,weight_decay,16,4,42,normal,26.930000,mnist-checkpoints/fc3_h4_L[16]_strict_seed42_ablation_wd_l16_fc3_h4.pth
fc3_h4,4,weight_decay,16,4,43,normal,73.000000,mnist-checkpoints/fc3_h4_L[16]_strict_seed43_ablation_wd_l16_fc3_h4.pth
fc3_h4,4,weight_decay,16,4,44,normal,54.400000,mnist-checkpoints/fc3_h4_L[16]_strict_seed44_ablation_wd_l16_fc3_h4.pth
fc3_h4,4,weight_decay,16,8,40,normal,80.040000,mnist-checkpoints/fc3_h4_L[16]_strict_seed40_ablation_wd_l16_fc3_h4.pth
fc3_h4,4,weight_decay,16,8,41,normal,45.990000,mnist-checkpoints/fc3_h4_L[16]_strict_seed41_ablation_wd_l16_fc3_h4.pth
fc3_h4,4,weight_decay,16,8,42,normal,40.820000,mnist-checkpoints/fc3_h4_L[16]_strict_seed42_ablation_wd_l16_fc3_h4.pth
fc3_h4,4,weight_decay,16,8,43,normal,82.010000,mnist-checkpoints/fc3_h4_L[16]_strict_seed43_ablation_wd_l16_fc3_h4.pth
fc3_h4,4,weight_decay,16,8,44,normal,66.930000,mnist-checkpoints/fc3_h4_L[16]_strict_seed44_ablation_wd_l16_fc3_h4.pth
fc3_h4,4,weight_decay,16,16,40,normal,81.600000,mnist-checkpoints/fc3_h4_L[16]_strict_seed40_ablation_wd_l16_fc3_h4.pth
fc3_h4,4,weight_decay,16,16,41,normal,51.370000,mnist-checkpoints/fc3_h4_L[16]_strict_seed41_ablation_wd_l16_fc3_h4.pth
fc3_h4,4,weight_decay,16,16,42,normal,48.730000,mnist-checkpoints/fc3_h4_L[16]_strict_seed42_ablation_wd_l16_fc3_h4.pth
fc3_h4,4,weight_decay,16,16,43,normal,82.730000,mnist-checkpoints/fc3_h4_L[16]_strict_seed43_ablation_wd_l16_fc3_h4.pth
fc3_h4,4,weight_decay,16,16,44,normal,69.560000,mnist-checkpoints/fc3_h4_L[16]_strict_seed44_ablation_wd_l16_fc3_h4.pth
fc3_h4,4,weight_decay,16,32,40,normal,81.440000,mnist-checkpoints/fc3_h4_L[16]_strict_seed40_ablation_wd_l16_fc3_h4.pth
fc3_h4,4,weight_decay,16,32,41,normal,52.730000,mnist-checkpoints/fc3_h4_L[16]_strict_seed41_ablation_wd_l16_fc3_h4.pth
fc3_h4,4,weight_decay,16,32,42,normal,49.160000,mnist-checkpoints/fc3_h4_L[16]_strict_seed42_ablation_wd_l16_fc3_h4.pth
fc3_h4,4,weight_decay,16,32,43,normal,83.120000,mnist-checkpoints/fc3_h4_L[16]_strict_seed43_ablation_wd_l16_fc3_h4.pth
fc3_h4,4,weight_decay,16,32,44,normal,69.950000,mnist-checkpoints/fc3_h4_L[16]_strict_seed44_ablation_wd_l16_fc3_h4.pth
fc3_h4,4,weight_decay,32,2,40,normal,69.670000,mnist-checkpoints/fc3_h4_L[32]_strict_seed40_ablation_wd_l32_fc3_h4.pth
fc3_h4,4,weight_decay,32,2,41,normal,30.930000,mnist-checkpoints/fc3_h4_L[32]_strict_seed41_ablation_wd_l32_fc3_h4.pth
fc3_h4,4,weight_decay,32,2,42,normal,44.700000,mnist-checkpoints/fc3_h4_L[32]_strict_seed42_ablation_wd_l32_fc3_h4.pth
fc3_h4,4,weight_decay,32,2,43,normal,58.680000,mnist-checkpoints/fc3_h4_L[32]_strict_seed43_ablation_wd_l32_fc3_h4.pth
fc3_h4,4,weight_decay,32,2,44,normal,46.510000,mnist-checkpoints/fc3_h4_L[32]_strict_seed44_ablation_wd_l32_fc3_h4.pth
fc3_h4,4,weight_decay,32,4,40,normal,71.580000,mnist-checkpoints/fc3_h4_L[32]_strict_seed40_ablation_wd_l32_fc3_h4.pth
fc3_h4,4,weight_decay,32,4,41,normal,50.080000,mnist-checkpoints/fc3_h4_L[32]_strict_seed41_ablation_wd_l32_fc3_h4.pth
fc3_h4,4,weight_decay,32,4,42,normal,64.070000,mnist-checkpoints/fc3_h4_L[32]_strict_seed42_ablation_wd_l32_fc3_h4.pth
fc3_h4,4,weight_decay,32,4,43,normal,69.780000,mnist-checkpoints/fc3_h4_L[32]_strict_seed43_ablation_wd_l32_fc3_h4.pth
fc3_h4,4,weight_decay,32,4,44,normal,50.980000,mnist-checkpoints/fc3_h4_L[32]_strict_seed44_ablation_wd_l32_fc3_h4.pth
fc3_h4,4,weight_decay,32,8,40,normal,79.180000,mnist-checkpoints/fc3_h4_L[32]_strict_seed40_ablation_wd_l32_fc3_h4.pth
fc3_h4,4,weight_decay,32,8,41,normal,64.280000,mnist-checkpoints/fc3_h4_L[32]_strict_seed41_ablation_wd_l32_fc3_h4.pth
fc3_h4,4,weight_decay,32,8,42,normal,79.960000,mnist-checkpoints/fc3_h4_L[32]_strict_seed42_ablation_wd_l32_fc3_h4.pth
fc3_h4,4,weight_decay,32,8,43,normal,80.600000,mnist-checkpoints/fc3_h4_L[32]_strict_seed43_ablation_wd_l32_fc3_h4.pth
fc3_h4,4,weight_decay,32,8,44,normal,66.050000,mnist-checkpoints/fc3_h4_L[32]_strict_seed44_ablation_wd_l32_fc3_h4.pth
fc3_h4,4,weight_decay,32,16,40,normal,82.320000,mnist-checkpoints/fc3_h4_L[32]_strict_seed40_ablation_wd_l32_fc3_h4.pth
fc3_h4,4,weight_decay,32,16,41,normal,71.600000,mnist-checkpoints/fc3_h4_L[32]_strict_seed41_ablation_wd_l32_fc3_h4.pth
fc3_h4,4,weight_decay,32,16,42,normal,81.740000,mnist-checkpoints/fc3_h4_L[32]_strict_seed42_ablation_wd_l32_fc3_h4.pth
fc3_h4,4,weight_decay,32,16,43,normal,82.240000,mnist-checkpoints/fc3_h4_L[32]_strict_seed43_ablation_wd_l32_fc3_h4.pth
fc3_h4,4,weight_decay,32,16,44,normal,70.780000,mnist-checkpoints/fc3_h4_L[32]_strict_seed44_ablation_wd_l32_fc3_h4.pth
fc3_h4,4,weight_decay,32,32,40,normal,82.690000,mnist-checkpoints/fc3_h4_L[32]_strict_seed40_ablation_wd_l32_fc3_h4.pth
fc3_h4,4,weight_decay,32,32,41,normal,72.650000,mnist-checkpoints/fc3_h4_L[32]_strict_seed41_ablation_wd_l32_fc3_h4.pth
fc3_h4,4,weight_decay,32,32,42,normal,82.150000,mnist-checkpoints/fc3_h4_L[32]_strict_seed42_ablation_wd_l32_fc3_h4.pth
fc3_h4,4,weight_decay,32,32,43,normal,82.730000,mnist-checkpoints/fc3_h4_L[32]_strict_seed43_ablation_wd_l32_fc3_h4.pth
fc3_h4,4,weight_decay,32,32,44,normal,71.120000,mnist-checkpoints/fc3_h4_L[32]_strict_seed44_ablation_wd_l32_fc3_h4.pth
fc3_h8,8,weight_decay,2,2,40,normal,91.720000,mnist-checkpoints/fc3_h8_L[2]_strict_seed40_ablation_wd_l2_fc3_h8.pth
fc3_h8,8,weight_decay,2,2,41,normal,89.010000,mnist-checkpoints/fc3_h8_L[2]_strict_seed41_ablation_wd_l2_fc3_h8.pth
fc3_h8,8,weight_decay,2,2,42,normal,83.290000,mnist-checkpoints/fc3_h8_L[2]_strict_seed42_ablation_wd_l2_fc3_h8.pth
fc3_h8,8,weight_decay,2,2,43,normal,91.400000,mnist-checkpoints/fc3_h8_L[2]_strict_seed43_ablation_wd_l2_fc3_h8.pth
fc3_h8,8,weight_decay,2,2,44,normal,75.850000,mnist-checkpoints/fc3_h8_L[2]_strict_seed44_ablation_wd_l2_fc3_h8.pth
fc3_h8,8,weight_decay,2,4,40,normal,92.650000,mnist-checkpoints/fc3_h8_L[2]_strict_seed40_ablation_wd_l2_fc3_h8.pth
fc3_h8,8,weight_decay,2,4,41,normal,89.880000,mnist-checkpoints/fc3_h8_L[2]_strict_seed41_ablation_wd_l2_fc3_h8.pth
fc3_h8,8,weight_decay,2,4,42,normal,83.830000,mnist-checkpoints/fc3_h8_L[2]_strict_seed42_ablation_wd_l2_fc3_h8.pth
fc3_h8,8,weight_decay,2,4,43,normal,92.270000,mnist-checkpoints/fc3_h8_L[2]_strict_seed43_ablation_wd_l2_fc3_h8.pth
fc3_h8,8,weight_decay,2,4,44,normal,77.730000,mnist-checkpoints/fc3_h8_L[2]_strict_seed44_ablation_wd_l2_fc3_h8.pth
fc3_h8,8,weight_decay,2,8,40,normal,92.850000,mnist-checkpoints/fc3_h8_L[2]_strict_seed40_ablation_wd_l2_fc3_h8.pth
fc3_h8,8,weight_decay,2,8,41,normal,89.990000,mnist-checkpoints/fc3_h8_L[2]_strict_seed41_ablation_wd_l2_fc3_h8.pth
fc3_h8,8,weight_decay,2,8,42,normal,84.480000,mnist-checkpoints/fc3_h8_L[2]_strict_seed42_ablation_wd_l2_fc3_h8.pth
fc3_h8,8,weight_decay,2,8,43,normal,92.320000,mnist-checkpoints/fc3_h8_L[2]_strict_seed43_ablation_wd_l2_fc3_h8.pth
fc3_h8,8,weight_decay,2,8,44,normal,77.770000,mnist-checkpoints/fc3_h8_L[2]_strict_seed44_ablation_wd_l2_fc3_h8.pth
fc3_h8,8,weight_decay,2,16,40,normal,92.900000,mnist-checkpoints/fc3_h8_L[2]_strict_seed40_ablation_wd_l2_fc3_h8.pth
fc3_h8,8,weight_decay,2,16,41,normal,90.030000,mnist-checkpoints/fc3_h8_L[2]_strict_seed41_ablation_wd_l2_fc3_h8.pth
fc3_h8,8,weight_decay,2,16,42,normal,84.360000,mnist-checkpoints/fc3_h8_L[2]_strict_seed42_ablation_wd_l2_fc3_h8.pth
fc3_h8,8,weight_decay,2,16,43,normal,92.560000,mnist-checkpoints/fc3_h8_L[2]_strict_seed43_ablation_wd_l2_fc3_h8.pth
fc3_h8,8,weight_decay,2,16,44,normal,77.870000,mnist-checkpoints/fc3_h8_L[2]_strict_seed44_ablation_wd_l2_fc3_h8.pth
fc3_h8,8,weight_decay,2,32,40,normal,92.840000,mnist-checkpoints/fc3_h8_L[2]_strict_seed40_ablation_wd_l2_fc3_h8.pth
fc3_h8,8,weight_decay,2,32,41,normal,89.970000,mnist-checkpoints/fc3_h8_L[2]_strict_seed41_ablation_wd_l2_fc3_h8.pth
fc3_h8,8,weight_decay,2,32,42,normal,84.510000,mnist-checkpoints/fc3_h8_L[2]_strict_seed42_ablation_wd_l2_fc3_h8.pth
fc3_h8,8,weight_decay,2,32,43,normal,92.500000,mnist-checkpoints/fc3_h8_L[2]_strict_seed43_ablation_wd_l2_fc3_h8.pth
fc3_h8,8,weight_decay,2,32,44,normal,77.780000,mnist-checkpoints/fc3_h8_L[2]_strict_seed44_ablation_wd_l2_fc3_h8.pth
fc3_h8,8,weight_decay,4,2,40,normal,89.220000,mnist-checkpoints/fc3_h8_L[4]_strict_seed40_ablation_wd_l4_fc3_h8.pth
fc3_h8,8,weight_decay,4,2,41,normal,83.620000,mnist-checkpoints/fc3_h8_L[4]_strict_seed41_ablation_wd_l4_fc3_h8.pth
fc3_h8,8,weight_decay,4,2,42,normal,86.640000,mnist-checkpoints/fc3_h8_L[4]_strict_seed42_ablation_wd_l4_fc3_h8.pth
fc3_h8,8,weight_decay,4,2,43,normal,85.680000,mnist-checkpoints/fc3_h8_L[4]_strict_seed43_ablation_wd_l4_fc3_h8.pth
fc3_h8,8,weight_decay,4,2,44,normal,69.730000,mnist-checkpoints/fc3_h8_L[4]_strict_seed44_ablation_wd_l4_fc3_h8.pth
fc3_h8,8,weight_decay,4,4,40,normal,92.400000,mnist-checkpoints/fc3_h8_L[4]_strict_seed40_ablation_wd_l4_fc3_h8.pth
fc3_h8,8,weight_decay,4,4,41,normal,86.820000,mnist-checkpoints/fc3_h8_L[4]_strict_seed41_ablation_wd_l4_fc3_h8.pth
fc3_h8,8,weight_decay,4,4,42,normal,90.440000,mnist-checkpoints/fc3_h8_L[4]_strict_seed42_ablation_wd_l4_fc3_h8.pth
fc3_h8,8,weight_decay,4,4,43,normal,90.410000,mnist-checkpoints/fc3_h8_L[4]_strict_seed43_ablation_wd_l4_fc3_h8.pth
fc3_h8,8,weight_decay,4,4,44,normal,81.020000,mnist-checkpoints/fc3_h8_L[4]_strict_seed44_ablation_wd_l4_fc3_h8.pth
fc3_h8,8,weight_decay,4,8,40,normal,92.880000,mnist-checkpoints/fc3_h8_L[4]_strict_seed40_ablation_wd_l4_fc3_h8.pth
fc3_h8,8,weight_decay,4,8,41,normal,87.240000,mnist-checkpoints/fc3_h8_L[4]_strict_seed41_ablation_wd_l4_fc3_h8.pth
fc3_h8,8,weight_decay,4,8,42,normal,90.710000,mnist-checkpoints/fc3_h8_L[4]_strict_seed42_ablation_wd_l4_fc3_h8.pth
fc3_h8,8,weight_decay,4,8,43,normal,91.080000,mnist-checkpoints/fc3_h8_L[4]_strict_seed43_ablation_wd_l4_fc3_h8.pth
fc3_h8,8,weight_decay,4,8,44,normal,82.040000,mnist-checkpoints/fc3_h8_L[4]_strict_seed44_ablation_wd_l4_fc3_h8.pth
fc3_h8,8,weight_decay,4,16,40,normal,92.980000,mnist-checkpoints/fc3_h8_L[4]_strict_seed40_ablation_wd_l4_fc3_h8.pth
fc3_h8,8,weight_decay,4,16,41,normal,87.460000,mnist-checkpoints/fc3_h8_L[4]_strict_seed41_ablation_wd_l4_fc3_h8.pth
fc3_h8,8,weight_decay,4,16,42,normal,90.680000,mnist-checkpoints/fc3_h8_L[4]_strict_seed42_ablation_wd_l4_fc3_h8.pth
fc3_h8,8,weight_decay,4,16,43,normal,91.100000,mnist-checkpoints/fc3_h8_L[4]_strict_seed43_ablation_wd_l4_fc3_h8.pth
fc3_h8,8,weight_decay,4,16,44,normal,82.430000,mnist-checkpoints/fc3_h8_L[4]_strict_seed44_ablation_wd_l4_fc3_h8.pth
fc3_h8,8,weight_decay,4,32,40,normal,93.040000,mnist-checkpoints/fc3_h8_L[4]_strict_seed40_ablation_wd_l4_fc3_h8.pth
fc3_h8,8,weight_decay,4,32,41,normal,87.590000,mnist-checkpoints/fc3_h8_L[4]_strict_seed41_ablation_wd_l4_fc3_h8.pth
fc3_h8,8,weight_decay,4,32,42,normal,90.920000,mnist-checkpoints/fc3_h8_L[4]_strict_seed42_ablation_wd_l4_fc3_h8.pth
fc3_h8,8,weight_decay,4,32,43,normal,91.300000,mnist-checkpoints/fc3_h8_L[4]_strict_seed43_ablation_wd_l4_fc3_h8.pth
fc3_h8,8,weight_decay,4,32,44,normal,82.490000,mnist-checkpoints/fc3_h8_L[4]_strict_seed44_ablation_wd_l4_fc3_h8.pth
fc3_h8,8,weight_decay,8,2,40,normal,82.490000,mnist-checkpoints/fc3_h8_L[8]_strict_seed40_ablation_wd_l8_fc3_h8.pth
fc3_h8,8,weight_decay,8,2,41,normal,39.700000,mnist-checkpoints/fc3_h8_L[8]_strict_seed41_ablation_wd_l8_fc3_h8.pth
fc3_h8,8,weight_decay,8,2,42,normal,81.520000,mnist-checkpoints/fc3_h8_L[8]_strict_seed42_ablation_wd_l8_fc3_h8.pth
fc3_h8,8,weight_decay,8,2,43,normal,61.960000,mnist-checkpoints/fc3_h8_L[8]_strict_seed43_ablation_wd_l8_fc3_h8.pth
fc3_h8,8,weight_decay,8,2,44,normal,74.290000,mnist-checkpoints/fc3_h8_L[8]_strict_seed44_ablation_wd_l8_fc3_h8.pth
fc3_h8,8,weight_decay,8,4,40,normal,89.540000,mnist-checkpoints/fc3_h8_L[8]_strict_seed40_ablation_wd_l8_fc3_h8.pth
fc3_h8,8,weight_decay,8,4,41,normal,58.910000,mnist-checkpoints/fc3_h8_L[8]_strict_seed41_ablation_wd_l8_fc3_h8.pth
fc3_h8,8,weight_decay,8,4,42,normal,89.250000,mnist-checkpoints/fc3_h8_L[8]_strict_seed42_ablation_wd_l8_fc3_h8.pth
fc3_h8,8,weight_decay,8,4,43,normal,79.790000,mnist-checkpoints/fc3_h8_L[8]_strict_seed43_ablation_wd_l8_fc3_h8.pth
fc3_h8,8,weight_decay,8,4,44,normal,84.090000,mnist-checkpoints/fc3_h8_L[8]_strict_seed44_ablation_wd_l8_fc3_h8.pth
fc3_h8,8,weight_decay,8,8,40,normal,91.060000,mnist-checkpoints/fc3_h8_L[8]_strict_seed40_ablation_wd_l8_fc3_h8.pth
fc3_h8,8,weight_decay,8,8,41,normal,73.580000,mnist-checkpoints/fc3_h8_L[8]_strict_seed41_ablation_wd_l8_fc3_h8.pth
fc3_h8,8,weight_decay,8,8,42,normal,91.210000,mnist-checkpoints/fc3_h8_L[8]_strict_seed42_ablation_wd_l8_fc3_h8.pth
fc3_h8,8,weight_decay,8,8,43,normal,82.790000,mnist-checkpoints/fc3_h8_L[8]_strict_seed43_ablation_wd_l8_fc3_h8.pth
fc3_h8,8,weight_decay,8,8,44,normal,87.980000,mnist-checkpoints/fc3_h8_L[8]_strict_seed44_ablation_wd_l8_fc3_h8.pth
fc3_h8,8,weight_decay,8,16,40,normal,91.300000,mnist-checkpoints/fc3_h8_L[8]_strict_seed40_ablation_wd_l8_fc3_h8.pth
fc3_h8,8,weight_decay,8,16,41,normal,75.850000,mnist-checkpoints/fc3_h8_L[8]_strict_seed41_ablation_wd_l8_fc3_h8.pth
fc3_h8,8,weight_decay,8,16,42,normal,91.440000,mnist-checkpoints/fc3_h8_L[8]_strict_seed42_ablation_wd_l8_fc3_h8.pth
fc3_h8,8,weight_decay,8,16,43,normal,82.760000,mnist-checkpoints/fc3_h8_L[8]_strict_seed43_ablation_wd_l8_fc3_h8.pth
fc3_h8,8,weight_decay,8,16,44,normal,87.970000,mnist-checkpoints/fc3_h8_L[8]_strict_seed44_ablation_wd_l8_fc3_h8.pth
fc3_h8,8,weight_decay,8,32,40,normal,91.420000,mnist-checkpoints/fc3_h8_L[8]_strict_seed40_ablation_wd_l8_fc3_h8.pth
fc3_h8,8,weight_decay,8,32,41,normal,76.490000,mnist-checkpoints/fc3_h8_L[8]_strict_seed41_ablation_wd_l8_fc3_h8.pth
fc3_h8,8,weight_decay,8,32,42,normal,91.340000,mnist-checkpoints/fc3_h8_L[8]_strict_seed42_ablation_wd_l8_fc3_h8.pth
fc3_h8,8,weight_decay,8,32,43,normal,82.840000,mnist-checkpoints/fc3_h8_L[8]_strict_seed43_ablation_wd_l8_fc3_h8.pth
fc3_h8,8,weight_decay,8,32,44,normal,88.240000,mnist-checkpoints/fc3_h8_L[8]_strict_seed44_ablation_wd_l8_fc3_h8.pth
fc3_h8,8,weight_decay,16,2,40,normal,85.030000,mnist-checkpoints/fc3_h8_L[16]_strict_seed40_ablation_wd_l16_fc3_h8.pth
fc3_h8,8,weight_decay,16,2,41,normal,22.000000,mnist-checkpoints/fc3_h8_L[16]_strict_seed41_ablation_wd_l16_fc3_h8.pth
fc3_h8,8,weight_decay,16,2,42,normal,53.380000,mnist-checkpoints/fc3_h8_L[16]_strict_seed42_ablation_wd_l16_fc3_h8.pth
fc3_h8,8,weight_decay,16,2,43,normal,57.480000,mnist-checkpoints/fc3_h8_L[16]_strict_seed43_ablation_wd_l16_fc3_h8.pth
fc3_h8,8,weight_decay,16,2,44,normal,61.250000,mnist-checkpoints/fc3_h8_L[16]_strict_seed44_ablation_wd_l16_fc3_h8.pth
fc3_h8,8,weight_decay,16,4,40,normal,90.890000,mnist-checkpoints/fc3_h8_L[16]_strict_seed40_ablation_wd_l16_fc3_h8.pth
fc3_h8,8,weight_decay,16,4,41,normal,34.000000,mnist-checkpoints/fc3_h8_L[16]_strict_seed41_ablation_wd_l16_fc3_h8.pth
fc3_h8,8,weight_decay,16,4,42,normal,73.900000,mnist-checkpoints/fc3_h8_L[16]_strict_seed42_ablation_wd_l16_fc3_h8.pth
fc3_h8,8,weight_decay,16,4,43,normal,76.390000,mnist-checkpoints/fc3_h8_L[16]_strict_seed43_ablation_wd_l16_fc3_h8.pth
fc3_h8,8,weight_decay,16,4,44,normal,76.600000,mnist-checkpoints/fc3_h8_L[16]_strict_seed44_ablation_wd_l16_fc3_h8.pth
fc3_h8,8,weight_decay,16,8,40,normal,92.170000,mnist-checkpoints/fc3_h8_L[16]_strict_seed40_ablation_wd_l16_fc3_h8.pth
fc3_h8,8,weight_decay,16,8,41,normal,35.400000,mnist-checkpoints/fc3_h8_L[16]_strict_seed41_ablation_wd_l16_fc3_h8.pth
fc3_h8,8,weight_decay,16,8,42,normal,82.160000,mnist-checkpoints/fc3_h8_L[16]_strict_seed42_ablation_wd_l16_fc3_h8.pth
fc3_h8,8,weight_decay,16,8,43,normal,82.650000,mnist-checkpoints/fc3_h8_L[16]_strict_seed43_ablation_wd_l16_fc3_h8.pth
fc3_h8,8,weight_decay,16,8,44,normal,81.660000,mnist-checkpoints/fc3_h8_L[16]_strict_seed44_ablation_wd_l16_fc3_h8.pth
fc3_h8,8,weight_decay,16,16,40,normal,92.460000,mnist-checkpoints/fc3_h8_L[16]_strict_seed40_ablation_wd_l16_fc3_h8.pth
fc3_h8,8,weight_decay,16,16,41,normal,43.500000,mnist-checkpoints/fc3_h8_L[16]_strict_seed41_ablation_wd_l16_fc3_h8.pth
fc3_h8,8,weight_decay,16,16,42,normal,83.460000,mnist-checkpoints/fc3_h8_L[16]_strict_seed42_ablation_wd_l16_fc3_h8.pth
fc3_h8,8,weight_decay,16,16,43,normal,83.380000,mnist-checkpoints/fc3_h8_L[16]_strict_seed43_ablation_wd_l16_fc3_h8.pth
fc3_h8,8,weight_decay,16,16,44,normal,83.000000,mnist-checkpoints/fc3_h8_L[16]_strict_seed44_ablation_wd_l16_fc3_h8.pth
fc3_h8,8,weight_decay,16,32,40,normal,92.490000,mnist-checkpoints/fc3_h8_L[16]_strict_seed40_ablation_wd_l16_fc3_h8.pth
fc3_h8,8,weight_decay,16,32,41,normal,44.790000,mnist-checkpoints/fc3_h8_L[16]_strict_seed41_ablation_wd_l16_fc3_h8.pth
fc3_h8,8,weight_decay,16,32,42,normal,83.580000,mnist-checkpoints/fc3_h8_L[16]_strict_seed42_ablation_wd_l16_fc3_h8.pth
fc3_h8,8,weight_decay,16,32,43,normal,83.530000,mnist-checkpoints/fc3_h8_L[16]_strict_seed43_ablation_wd_l16_fc3_h8.pth
fc3_h8,8,weight_decay,16,32,44,normal,83.230000,mnist-checkpoints/fc3_h8_L[16]_strict_seed44_ablation_wd_l16_fc3_h8.pth
fc3_h8,8,weight_decay,32,2,40,normal,79.220000,mnist-checkpoints/fc3_h8_L[32]_strict_seed40_ablation_wd_l32_fc3_h8.pth
fc3_h8,8,weight_decay,32,2,41,normal,31.610000,mnist-checkpoints/fc3_h8_L[32]_strict_seed41_ablation_wd_l32_fc3_h8.pth
fc3_h8,8,weight_decay,32,2,42,normal,54.770000,mnist-checkpoints/fc3_h8_L[32]_strict_seed42_ablation_wd_l32_fc3_h8.pth
fc3_h8,8,weight_decay,32,2,43,normal,57.180000,mnist-checkpoints/fc3_h8_L[32]_strict_seed43_ablation_wd_l32_fc3_h8.pth
fc3_h8,8,weight_decay,32,2,44,normal,76.490000,mnist-checkpoints/fc3_h8_L[32]_strict_seed44_ablation_wd_l32_fc3_h8.pth
fc3_h8,8,weight_decay,32,4,40,normal,89.400000,mnist-checkpoints/fc3_h8_L[32]_strict_seed40_ablation_wd_l32_fc3_h8.pth
fc3_h8,8,weight_decay,32,4,41,normal,41.510000,mnist-checkpoints/fc3_h8_L[32]_strict_seed41_ablation_wd_l32_fc3_h8.pth
fc3_h8,8,weight_decay,32,4,42,normal,77.870000,mnist-checkpoints/fc3_h8_L[32]_strict_seed42_ablation_wd_l32_fc3_h8.pth
fc3_h8,8,weight_decay,32,4,43,normal,76.940000,mnist-checkpoints/fc3_h8_L[32]_strict_seed43_ablation_wd_l32_fc3_h8.pth
fc3_h8,8,weight_decay,32,4,44,normal,84.260000,mnist-checkpoints/fc3_h8_L[32]_strict_seed44_ablation_wd_l32_fc3_h8.pth
fc3_h8,8,weight_decay,32,8,40,normal,92.080000,mnist-checkpoints/fc3_h8_L[32]_strict_seed40_ablation_wd_l32_fc3_h8.pth
fc3_h8,8,weight_decay,32,8,41,normal,61.210000,mnist-checkpoints/fc3_h8_L[32]_strict_seed41_ablation_wd_l32_fc3_h8.pth
fc3_h8,8,weight_decay,32,8,42,normal,83.770000,mnist-checkpoints/fc3_h8_L[32]_strict_seed42_ablation_wd_l32_fc3_h8.pth
fc3_h8,8,weight_decay,32,8,43,normal,82.410000,mnist-checkpoints/fc3_h8_L[32]_strict_seed43_ablation_wd_l32_fc3_h8.pth
fc3_h8,8,weight_decay,32,8,44,normal,87.470000,mnist-checkpoints/fc3_h8_L[32]_strict_seed44_ablation_wd_l32_fc3_h8.pth
fc3_h8,8,weight_decay,32,16,40,normal,92.750000,mnist-checkpoints/fc3_h8_L[32]_strict_seed40_ablation_wd_l32_fc3_h8.pth
fc3_h8,8,weight_decay,32,16,41,normal,71.010000,mnist-checkpoints/fc3_h8_L[32]_strict_seed41_ablation_wd_l32_fc3_h8.pth
fc3_h8,8,weight_decay,32,16,42,normal,84.410000,mnist-checkpoints/fc3_h8_L[32]_strict_seed42_ablation_wd_l32_fc3_h8.pth
fc3_h8,8,weight_decay,32,16,43,normal,83.610000,mnist-checkpoints/fc3_h8_L[32]_strict_seed43_ablation_wd_l32_fc3_h8.pth
fc3_h8,8,weight_decay,32,16,44,normal,88.330000,mnist-checkpoints/fc3_h8_L[32]_strict_seed44_ablation_wd_l32_fc3_h8.pth
fc3_h8,8,weight_decay,32,32,40,normal,92.820000,mnist-checkpoints/fc3_h8_L[32]_strict_seed40_ablation_wd_l32_fc3_h8.pth
fc3_h8,8,weight_decay,32,32,41,normal,71.730000,mnist-checkpoints/fc3_h8_L[32]_strict_seed41_ablation_wd_l32_fc3_h8.pth
fc3_h8,8,weight_decay,32,32,42,normal,84.520000,mnist-checkpoints/fc3_h8_L[32]_strict_seed42_ablation_wd_l32_fc3_h8.pth
fc3_h8,8,weight_decay,32,32,43,normal,83.680000,mnist-checkpoints/fc3_h8_L[32]_strict_seed43_ablation_wd_l32_fc3_h8.pth
fc3_h8,8,weight_decay,32,32,44,normal,88.630000,mnist-checkpoints/fc3_h8_L[32]_strict_seed44_ablation_wd_l32_fc3_h8.pth
fc3_h16,16,weight_decay,2,2,40,normal,94.060000,mnist-checkpoints/fc3_h16_L[2]_strict_seed40_ablation_wd_l2_fc3_h16.pth
fc3_h16,16,weight_decay,2,2,41,normal,94.630000,mnist-checkpoints/fc3_h16_L[2]_strict_seed41_ablation_wd_l2_fc3_h16.pth
fc3_h16,16,weight_decay,2,2,42,normal,93.790000,mnist-checkpoints/fc3_h16_L[2]_strict_seed42_ablation_wd_l2_fc3_h16.pth
fc3_h16,16,weight_decay,2,2,43,normal,94.730000,mnist-checkpoints/fc3_h16_L[2]_strict_seed43_ablation_wd_l2_fc3_h16.pth
fc3_h16,16,weight_decay,2,2,44,normal,94.380000,mnist-checkpoints/fc3_h16_L[2]_strict_seed44_ablation_wd_l2_fc3_h16.pth
fc3_h16,16,weight_decay,2,4,40,normal,95.010000,mnist-checkpoints/fc3_h16_L[2]_strict_seed40_ablation_wd_l2_fc3_h16.pth
fc3_h16,16,weight_decay,2,4,41,normal,95.570000,mnist-checkpoints/fc3_h16_L[2]_strict_seed41_ablation_wd_l2_fc3_h16.pth
fc3_h16,16,weight_decay,2,4,42,normal,94.230000,mnist-checkpoints/fc3_h16_L[2]_strict_seed42_ablation_wd_l2_fc3_h16.pth
fc3_h16,16,weight_decay,2,4,43,normal,95.450000,mnist-checkpoints/fc3_h16_L[2]_strict_seed43_ablation_wd_l2_fc3_h16.pth
fc3_h16,16,weight_decay,2,4,44,normal,95.230000,mnist-checkpoints/fc3_h16_L[2]_strict_seed44_ablation_wd_l2_fc3_h16.pth
fc3_h16,16,weight_decay,2,8,40,normal,95.220000,mnist-checkpoints/fc3_h16_L[2]_strict_seed40_ablation_wd_l2_fc3_h16.pth
fc3_h16,16,weight_decay,2,8,41,normal,95.830000,mnist-checkpoints/fc3_h16_L[2]_strict_seed41_ablation_wd_l2_fc3_h16.pth
fc3_h16,16,weight_decay,2,8,42,normal,94.630000,mnist-checkpoints/fc3_h16_L[2]_strict_seed42_ablation_wd_l2_fc3_h16.pth
fc3_h16,16,weight_decay,2,8,43,normal,95.700000,mnist-checkpoints/fc3_h16_L[2]_strict_seed43_ablation_wd_l2_fc3_h16.pth
fc3_h16,16,weight_decay,2,8,44,normal,95.330000,mnist-checkpoints/fc3_h16_L[2]_strict_seed44_ablation_wd_l2_fc3_h16.pth
fc3_h16,16,weight_decay,2,16,40,normal,95.260000,mnist-checkpoints/fc3_h16_L[2]_strict_seed40_ablation_wd_l2_fc3_h16.pth
fc3_h16,16,weight_decay,2,16,41,normal,95.820000,mnist-checkpoints/fc3_h16_L[2]_strict_seed41_ablation_wd_l2_fc3_h16.pth
fc3_h16,16,weight_decay,2,16,42,normal,94.480000,mnist-checkpoints/fc3_h16_L[2]_strict_seed42_ablation_wd_l2_fc3_h16.pth
fc3_h16,16,weight_decay,2,16,43,normal,95.760000,mnist-checkpoints/fc3_h16_L[2]_strict_seed43_ablation_wd_l2_fc3_h16.pth
fc3_h16,16,weight_decay,2,16,44,normal,95.390000,mnist-checkpoints/fc3_h16_L[2]_strict_seed44_ablation_wd_l2_fc3_h16.pth
fc3_h16,16,weight_decay,2,32,40,normal,95.260000,mnist-checkpoints/fc3_h16_L[2]_strict_seed40_ablation_wd_l2_fc3_h16.pth
fc3_h16,16,weight_decay,2,32,41,normal,95.800000,mnist-checkpoints/fc3_h16_L[2]_strict_seed41_ablation_wd_l2_fc3_h16.pth
fc3_h16,16,weight_decay,2,32,42,normal,94.570000,mnist-checkpoints/fc3_h16_L[2]_strict_seed42_ablation_wd_l2_fc3_h16.pth
fc3_h16,16,weight_decay,2,32,43,normal,95.720000,mnist-checkpoints/fc3_h16_L[2]_strict_seed43_ablation_wd_l2_fc3_h16.pth
fc3_h16,16,weight_decay,2,32,44,normal,95.330000,mnist-checkpoints/fc3_h16_L[2]_strict_seed44_ablation_wd_l2_fc3_h16.pth
fc3_h16,16,weight_decay,4,2,40,normal,86.220000,mnist-checkpoints/fc3_h16_L[4]_strict_seed40_ablation_wd_l4_fc3_h16.pth
fc3_h16,16,weight_decay,4,2,41,normal,91.920000,mnist-checkpoints/fc3_h16_L[4]_strict_seed41_ablation_wd_l4_fc3_h16.pth
fc3_h16,16,weight_decay,4,2,42,normal,92.820000,mnist-checkpoints/fc3_h16_L[4]_strict_seed42_ablation_wd_l4_fc3_h16.pth
fc3_h16,16,weight_decay,4,2,43,normal,93.980000,mnist-checkpoints/fc3_h16_L[4]_strict_seed43_ablation_wd_l4_fc3_h16.pth
fc3_h16,16,weight_decay,4,2,44,normal,92.540000,mnist-checkpoints/fc3_h16_L[4]_strict_seed44_ablation_wd_l4_fc3_h16.pth
fc3_h16,16,weight_decay,4,4,40,normal,91.050000,mnist-checkpoints/fc3_h16_L[4]_strict_seed40_ablation_wd_l4_fc3_h16.pth
fc3_h16,16,weight_decay,4,4,41,normal,94.530000,mnist-checkpoints/fc3_h16_L[4]_strict_seed41_ablation_wd_l4_fc3_h16.pth
fc3_h16,16,weight_decay,4,4,42,normal,95.010000,mnist-checkpoints/fc3_h16_L[4]_strict_seed42_ablation_wd_l4_fc3_h16.pth
fc3_h16,16,weight_decay,4,4,43,normal,95.830000,mnist-checkpoints/fc3_h16_L[4]_strict_seed43_ablation_wd_l4_fc3_h16.pth
fc3_h16,16,weight_decay,4,4,44,normal,94.960000,mnist-checkpoints/fc3_h16_L[4]_strict_seed44_ablation_wd_l4_fc3_h16.pth
fc3_h16,16,weight_decay,4,8,40,normal,92.120000,mnist-checkpoints/fc3_h16_L[4]_strict_seed40_ablation_wd_l4_fc3_h16.pth
fc3_h16,16,weight_decay,4,8,41,normal,95.040000,mnist-checkpoints/fc3_h16_L[4]_strict_seed41_ablation_wd_l4_fc3_h16.pth
fc3_h16,16,weight_decay,4,8,42,normal,95.460000,mnist-checkpoints/fc3_h16_L[4]_strict_seed42_ablation_wd_l4_fc3_h16.pth
fc3_h16,16,weight_decay,4,8,43,normal,96.230000,mnist-checkpoints/fc3_h16_L[4]_strict_seed43_ablation_wd_l4_fc3_h16.pth
fc3_h16,16,weight_decay,4,8,44,normal,95.350000,mnist-checkpoints/fc3_h16_L[4]_strict_seed44_ablation_wd_l4_fc3_h16.pth
fc3_h16,16,weight_decay,4,16,40,normal,92.100000,mnist-checkpoints/fc3_h16_L[4]_strict_seed40_ablation_wd_l4_fc3_h16.pth
fc3_h16,16,weight_decay,4,16,41,normal,95.030000,mnist-checkpoints/fc3_h16_L[4]_strict_seed41_ablation_wd_l4_fc3_h16.pth
fc3_h16,16,weight_decay,4,16,42,normal,95.610000,mnist-checkpoints/fc3_h16_L[4]_strict_seed42_ablation_wd_l4_fc3_h16.pth
fc3_h16,16,weight_decay,4,16,43,normal,96.350000,mnist-checkpoints/fc3_h16_L[4]_strict_seed43_ablation_wd_l4_fc3_h16.pth
fc3_h16,16,weight_decay,4,16,44,normal,95.490000,mnist-checkpoints/fc3_h16_L[4]_strict_seed44_ablation_wd_l4_fc3_h16.pth
fc3_h16,16,weight_decay,4,32,40,normal,92.180000,mnist-checkpoints/fc3_h16_L[4]_strict_seed40_ablation_wd_l4_fc3_h16.pth
fc3_h16,16,weight_decay,4,32,41,normal,94.960000,mnist-checkpoints/fc3_h16_L[4]_strict_seed41_ablation_wd_l4_fc3_h16.pth
fc3_h16,16,weight_decay,4,32,42,normal,95.620000,mnist-checkpoints/fc3_h16_L[4]_strict_seed42_ablation_wd_l4_fc3_h16.pth
fc3_h16,16,weight_decay,4,32,43,normal,96.330000,mnist-checkpoints/fc3_h16_L[4]_strict_seed43_ablation_wd_l4_fc3_h16.pth
fc3_h16,16,weight_decay,4,32,44,normal,95.500000,mnist-checkpoints/fc3_h16_L[4]_strict_seed44_ablation_wd_l4_fc3_h16.pth
fc3_h16,16,weight_decay,8,2,40,normal,86.470000,mnist-checkpoints/fc3_h16_L[8]_strict_seed40_ablation_wd_l8_fc3_h16.pth
fc3_h16,16,weight_decay,8,2,41,normal,90.500000,mnist-checkpoints/fc3_h16_L[8]_strict_seed41_ablation_wd_l8_fc3_h16.pth
fc3_h16,16,weight_decay,8,2,42,normal,84.990000,mnist-checkpoints/fc3_h16_L[8]_strict_seed42_ablation_wd_l8_fc3_h16.pth
fc3_h16,16,weight_decay,8,2,43,normal,90.420000,mnist-checkpoints/fc3_h16_L[8]_strict_seed43_ablation_wd_l8_fc3_h16.pth
fc3_h16,16,weight_decay,8,2,44,normal,84.340000,mnist-checkpoints/fc3_h16_L[8]_strict_seed44_ablation_wd_l8_fc3_h16.pth
fc3_h16,16,weight_decay,8,4,40,normal,91.240000,mnist-checkpoints/fc3_h16_L[8]_strict_seed40_ablation_wd_l8_fc3_h16.pth
fc3_h16,16,weight_decay,8,4,41,normal,94.440000,mnist-checkpoints/fc3_h16_L[8]_strict_seed41_ablation_wd_l8_fc3_h16.pth
fc3_h16,16,weight_decay,8,4,42,normal,91.940000,mnist-checkpoints/fc3_h16_L[8]_strict_seed42_ablation_wd_l8_fc3_h16.pth
fc3_h16,16,weight_decay,8,4,43,normal,94.600000,mnist-checkpoints/fc3_h16_L[8]_strict_seed43_ablation_wd_l8_fc3_h16.pth
fc3_h16,16,weight_decay,8,4,44,normal,92.310000,mnist-checkpoints/fc3_h16_L[8]_strict_seed44_ablation_wd_l8_fc3_h16.pth
fc3_h16,16,weight_decay,8,8,40,normal,92.370000,mnist-checkpoints/fc3_h16_L[8]_strict_seed40_ablation_wd_l8_fc3_h16.pth
fc3_h16,16,weight_decay,8,8,41,normal,95.300000,mnist-checkpoints/fc3_h16_L[8]_strict_seed41_ablation_wd_l8_fc3_h16.pth
fc3_h16,16,weight_decay,8,8,42,normal,93.640000,mnist-checkpoints/fc3_h16_L[8]_strict_seed42_ablation_wd_l8_fc3_h16.pth
fc3_h16,16,weight_decay,8,8,43,normal,95.410000,mnist-checkpoints/fc3_h16_L[8]_strict_seed43_ablation_wd_l8_fc3_h16.pth
fc3_h16,16,weight_decay,8,8,44,normal,93.480000,mnist-checkpoints/fc3_h16_L[8]_strict_seed44_ablation_wd_l8_fc3_h16.pth
fc3_h16,16,weight_decay,8,16,40,normal,92.930000,mnist-checkpoints/fc3_h16_L[8]_strict_seed40_ablation_wd_l8_fc3_h16.pth
fc3_h16,16,weight_decay,8,16,41,normal,95.440000,mnist-checkpoints/fc3_h16_L[8]_strict_seed41_ablation_wd_l8_fc3_h16.pth
fc3_h16,16,weight_decay,8,16,42,normal,93.950000,mnist-checkpoints/fc3_h16_L[8]_strict_seed42_ablation_wd_l8_fc3_h16.pth
fc3_h16,16,weight_decay,8,16,43,normal,95.440000,mnist-checkpoints/fc3_h16_L[8]_strict_seed43_ablation_wd_l8_fc3_h16.pth
fc3_h16,16,weight_decay,8,16,44,normal,93.840000,mnist-checkpoints/fc3_h16_L[8]_strict_seed44_ablation_wd_l8_fc3_h16.pth
fc3_h16,16,weight_decay,8,32,40,normal,92.940000,mnist-checkpoints/fc3_h16_L[8]_strict_seed40_ablation_wd_l8_fc3_h16.pth
fc3_h16,16,weight_decay,8,32,41,normal,95.420000,mnist-checkpoints/fc3_h16_L[8]_strict_seed41_ablation_wd_l8_fc3_h16.pth
fc3_h16,16,weight_decay,8,32,42,normal,93.950000,mnist-checkpoints/fc3_h16_L[8]_strict_seed42_ablation_wd_l8_fc3_h16.pth
fc3_h16,16,weight_decay,8,32,43,normal,95.550000,mnist-checkpoints/fc3_h16_L[8]_strict_seed43_ablation_wd_l8_fc3_h16.pth
fc3_h16,16,weight_decay,8,32,44,normal,93.840000,mnist-checkpoints/fc3_h16_L[8]_strict_seed44_ablation_wd_l8_fc3_h16.pth
fc3_h16,16,weight_decay,16,2,40,normal,85.070000,mnist-checkpoints/fc3_h16_L[16]_strict_seed40_ablation_wd_l16_fc3_h16.pth
fc3_h16,16,weight_decay,16,2,41,normal,80.080000,mnist-checkpoints/fc3_h16_L[16]_strict_seed41_ablation_wd_l16_fc3_h16.pth
fc3_h16,16,weight_decay,16,2,42,normal,87.030000,mnist-checkpoints/fc3_h16_L[16]_strict_seed42_ablation_wd_l16_fc3_h16.pth
fc3_h16,16,weight_decay,16,2,43,normal,86.690000,mnist-checkpoints/fc3_h16_L[16]_strict_seed43_ablation_wd_l16_fc3_h16.pth
fc3_h16,16,weight_decay,16,2,44,normal,73.970000,mnist-checkpoints/fc3_h16_L[16]_strict_seed44_ablation_wd_l16_fc3_h16.pth
fc3_h16,16,weight_decay,16,4,40,normal,91.980000,mnist-checkpoints/fc3_h16_L[16]_strict_seed40_ablation_wd_l16_fc3_h16.pth
fc3_h16,16,weight_decay,16,4,41,normal,91.830000,mnist-checkpoints/fc3_h16_L[16]_strict_seed41_ablation_wd_l16_fc3_h16.pth
fc3_h16,16,weight_decay,16,4,42,normal,93.150000,mnist-checkpoints/fc3_h16_L[16]_strict_seed42_ablation_wd_l16_fc3_h16.pth
fc3_h16,16,weight_decay,16,4,43,normal,93.220000,mnist-checkpoints/fc3_h16_L[16]_strict_seed43_ablation_wd_l16_fc3_h16.pth
fc3_h16,16,weight_decay,16,4,44,normal,88.560000,mnist-checkpoints/fc3_h16_L[16]_strict_seed44_ablation_wd_l16_fc3_h16.pth
fc3_h16,16,weight_decay,16,8,40,normal,93.490000,mnist-checkpoints/fc3_h16_L[16]_strict_seed40_ablation_wd_l16_fc3_h16.pth
fc3_h16,16,weight_decay,16,8,41,normal,93.710000,mnist-checkpoints/fc3_h16_L[16]_strict_seed41_ablation_wd_l16_fc3_h16.pth
fc3_h16,16,weight_decay,16,8,42,normal,94.340000,mnist-checkpoints/fc3_h16_L[16]_strict_seed42_ablation_wd_l16_fc3_h16.pth
fc3_h16,16,weight_decay,16,8,43,normal,95.000000,mnist-checkpoints/fc3_h16_L[16]_strict_seed43_ablation_wd_l16_fc3_h16.pth
fc3_h16,16,weight_decay,16,8,44,normal,91.270000,mnist-checkpoints/fc3_h16_L[16]_strict_seed44_ablation_wd_l16_fc3_h16.pth
fc3_h16,16,weight_decay,16,16,40,normal,93.950000,mnist-checkpoints/fc3_h16_L[16]_strict_seed40_ablation_wd_l16_fc3_h16.pth
fc3_h16,16,weight_decay,16,16,41,normal,93.860000,mnist-checkpoints/fc3_h16_L[16]_strict_seed41_ablation_wd_l16_fc3_h16.pth
fc3_h16,16,weight_decay,16,16,42,normal,94.620000,mnist-checkpoints/fc3_h16_L[16]_strict_seed42_ablation_wd_l16_fc3_h16.pth
fc3_h16,16,weight_decay,16,16,43,normal,95.270000,mnist-checkpoints/fc3_h16_L[16]_strict_seed43_ablation_wd_l16_fc3_h16.pth
fc3_h16,16,weight_decay,16,16,44,normal,91.680000,mnist-checkpoints/fc3_h16_L[16]_strict_seed44_ablation_wd_l16_fc3_h16.pth
fc3_h16,16,weight_decay,16,32,40,normal,93.800000,mnist-checkpoints/fc3_h16_L[16]_strict_seed40_ablation_wd_l16_fc3_h16.pth
fc3_h16,16,weight_decay,16,32,41,normal,94.040000,mnist-checkpoints/fc3_h16_L[16]_strict_seed41_ablation_wd_l16_fc3_h16.pth
fc3_h16,16,weight_decay,16,32,42,normal,94.630000,mnist-checkpoints/fc3_h16_L[16]_strict_seed42_ablation_wd_l16_fc3_h16.pth
fc3_h16,16,weight_decay,16,32,43,normal,95.330000,mnist-checkpoints/fc3_h16_L[16]_strict_seed43_ablation_wd_l16_fc3_h16.pth
fc3_h16,16,weight_decay,16,32,44,normal,91.760000,mnist-checkpoints/fc3_h16_L[16]_strict_seed44_ablation_wd_l16_fc3_h16.pth
fc3_h16,16,weight_decay,32,2,40,normal,78.920000,mnist-checkpoints/fc3_h16_L[32]_strict_seed40_ablation_wd_l32_fc3_h16.pth
fc3_h16,16,weight_decay,32,2,41,normal,86.600000,mnist-checkpoints/fc3_h16_L[32]_strict_seed41_ablation_wd_l32_fc3_h16.pth
fc3_h16,16,weight_decay,32,2,42,normal,73.130000,mnist-checkpoints/fc3_h16_L[32]_strict_seed42_ablation_wd_l32_fc3_h16.pth
fc3_h16,16,weight_decay,32,2,43,normal,86.860000,mnist-checkpoints/fc3_h16_L[32]_strict_seed43_ablation_wd_l32_fc3_h16.pth
fc3_h16,16,weight_decay,32,2,44,normal,72.190000,mnist-checkpoints/fc3_h16_L[32]_strict_seed44_ablation_wd_l32_fc3_h16.pth
fc3_h16,16,weight_decay,32,4,40,normal,89.580000,mnist-checkpoints/fc3_h16_L[32]_strict_seed40_ablation_wd_l32_fc3_h16.pth
fc3_h16,16,weight_decay,32,4,41,normal,93.110000,mnist-checkpoints/fc3_h16_L[32]_strict_seed41_ablation_wd_l32_fc3_h16.pth
fc3_h16,16,weight_decay,32,4,42,normal,89.500000,mnist-checkpoints/fc3_h16_L[32]_strict_seed42_ablation_wd_l32_fc3_h16.pth
fc3_h16,16,weight_decay,32,4,43,normal,93.320000,mnist-checkpoints/fc3_h16_L[32]_strict_seed43_ablation_wd_l32_fc3_h16.pth
fc3_h16,16,weight_decay,32,4,44,normal,89.000000,mnist-checkpoints/fc3_h16_L[32]_strict_seed44_ablation_wd_l32_fc3_h16.pth
fc3_h16,16,weight_decay,32,8,40,normal,92.390000,mnist-checkpoints/fc3_h16_L[32]_strict_seed40_ablation_wd_l32_fc3_h16.pth
fc3_h16,16,weight_decay,32,8,41,normal,94.360000,mnist-checkpoints/fc3_h16_L[32]_strict_seed41_ablation_wd_l32_fc3_h16.pth
fc3_h16,16,weight_decay,32,8,42,normal,93.800000,mnist-checkpoints/fc3_h16_L[32]_strict_seed42_ablation_wd_l32_fc3_h16.pth
fc3_h16,16,weight_decay,32,8,43,normal,95.220000,mnist-checkpoints/fc3_h16_L[32]_strict_seed43_ablation_wd_l32_fc3_h16.pth
fc3_h16,16,weight_decay,32,8,44,normal,92.540000,mnist-checkpoints/fc3_h16_L[32]_strict_seed44_ablation_wd_l32_fc3_h16.pth
fc3_h16,16,weight_decay,32,16,40,normal,92.900000,mnist-checkpoints/fc3_h16_L[32]_strict_seed40_ablation_wd_l32_fc3_h16.pth
fc3_h16,16,weight_decay,32,16,41,normal,94.700000,mnist-checkpoints/fc3_h16_L[32]_strict_seed41_ablation_wd_l32_fc3_h16.pth
fc3_h16,16,weight_decay,32,16,42,normal,94.860000,mnist-checkpoints/fc3_h16_L[32]_strict_seed42_ablation_wd_l32_fc3_h16.pth
fc3_h16,16,weight_decay,32,16,43,normal,95.360000,mnist-checkpoints/fc3_h16_L[32]_strict_seed43_ablation_wd_l32_fc3_h16.pth
fc3_h16,16,weight_decay,32,16,44,normal,93.170000,mnist-checkpoints/fc3_h16_L[32]_strict_seed44_ablation_wd_l32_fc3_h16.pth
fc3_h16,16,weight_decay,32,32,40,normal,93.110000,mnist-checkpoints/fc3_h16_L[32]_strict_seed40_ablation_wd_l32_fc3_h16.pth
fc3_h16,16,weight_decay,32,32,41,normal,94.670000,mnist-checkpoints/fc3_h16_L[32]_strict_seed41_ablation_wd_l32_fc3_h16.pth
fc3_h16,16,weight_decay,32,32,42,normal,94.940000,mnist-checkpoints/fc3_h16_L[32]_strict_seed42_ablation_wd_l32_fc3_h16.pth
fc3_h16,16,weight_decay,32,32,43,normal,95.580000,mnist-checkpoints/fc3_h16_L[32]_strict_seed43_ablation_wd_l32_fc3_h16.pth
fc3_h16,16,weight_decay,32,32,44,normal,93.320000,mnist-checkpoints/fc3_h16_L[32]_strict_seed44_ablation_wd_l32_fc3_h16.pth
fc3_h32,32,weight_decay,2,2,40,normal,96.420000,mnist-checkpoints/fc3_h32_L[2]_strict_seed40_ablation_wd_l2_fc3_h32.pth
fc3_h32,32,weight_decay,2,2,41,normal,96.480000,mnist-checkpoints/fc3_h32_L[2]_strict_seed41_ablation_wd_l2_fc3_h32.pth
fc3_h32,32,weight_decay,2,2,42,normal,96.600000,mnist-checkpoints/fc3_h32_L[2]_strict_seed42_ablation_wd_l2_fc3_h32.pth
fc3_h32,32,weight_decay,2,2,43,normal,96.140000,mnist-checkpoints/fc3_h32_L[2]_strict_seed43_ablation_wd_l2_fc3_h32.pth
fc3_h32,32,weight_decay,2,2,44,normal,96.870000,mnist-checkpoints/fc3_h32_L[2]_strict_seed44_ablation_wd_l2_fc3_h32.pth
fc3_h32,32,weight_decay,2,4,40,normal,96.790000,mnist-checkpoints/fc3_h32_L[2]_strict_seed40_ablation_wd_l2_fc3_h32.pth
fc3_h32,32,weight_decay,2,4,41,normal,97.040000,mnist-checkpoints/fc3_h32_L[2]_strict_seed41_ablation_wd_l2_fc3_h32.pth
fc3_h32,32,weight_decay,2,4,42,normal,97.090000,mnist-checkpoints/fc3_h32_L[2]_strict_seed42_ablation_wd_l2_fc3_h32.pth
fc3_h32,32,weight_decay,2,4,43,normal,96.820000,mnist-checkpoints/fc3_h32_L[2]_strict_seed43_ablation_wd_l2_fc3_h32.pth
fc3_h32,32,weight_decay,2,4,44,normal,97.340000,mnist-checkpoints/fc3_h32_L[2]_strict_seed44_ablation_wd_l2_fc3_h32.pth
fc3_h32,32,weight_decay,2,8,40,normal,96.950000,mnist-checkpoints/fc3_h32_L[2]_strict_seed40_ablation_wd_l2_fc3_h32.pth
fc3_h32,32,weight_decay,2,8,41,normal,97.260000,mnist-checkpoints/fc3_h32_L[2]_strict_seed41_ablation_wd_l2_fc3_h32.pth
fc3_h32,32,weight_decay,2,8,42,normal,97.230000,mnist-checkpoints/fc3_h32_L[2]_strict_seed42_ablation_wd_l2_fc3_h32.pth
fc3_h32,32,weight_decay,2,8,43,normal,96.960000,mnist-checkpoints/fc3_h32_L[2]_strict_seed43_ablation_wd_l2_fc3_h32.pth
fc3_h32,32,weight_decay,2,8,44,normal,97.520000,mnist-checkpoints/fc3_h32_L[2]_strict_seed44_ablation_wd_l2_fc3_h32.pth
fc3_h32,32,weight_decay,2,16,40,normal,96.950000,mnist-checkpoints/fc3_h32_L[2]_strict_seed40_ablation_wd_l2_fc3_h32.pth
fc3_h32,32,weight_decay,2,16,41,normal,97.350000,mnist-checkpoints/fc3_h32_L[2]_strict_seed41_ablation_wd_l2_fc3_h32.pth
fc3_h32,32,weight_decay,2,16,42,normal,97.270000,mnist-checkpoints/fc3_h32_L[2]_strict_seed42_ablation_wd_l2_fc3_h32.pth
fc3_h32,32,weight_decay,2,16,43,normal,97.070000,mnist-checkpoints/fc3_h32_L[2]_strict_seed43_ablation_wd_l2_fc3_h32.pth
fc3_h32,32,weight_decay,2,16,44,normal,97.540000,mnist-checkpoints/fc3_h32_L[2]_strict_seed44_ablation_wd_l2_fc3_h32.pth
fc3_h32,32,weight_decay,2,32,40,normal,97.030000,mnist-checkpoints/fc3_h32_L[2]_strict_seed40_ablation_wd_l2_fc3_h32.pth
fc3_h32,32,weight_decay,2,32,41,normal,97.360000,mnist-checkpoints/fc3_h32_L[2]_strict_seed41_ablation_wd_l2_fc3_h32.pth
fc3_h32,32,weight_decay,2,32,42,normal,97.310000,mnist-checkpoints/fc3_h32_L[2]_strict_seed42_ablation_wd_l2_fc3_h32.pth
fc3_h32,32,weight_decay,2,32,43,normal,97.060000,mnist-checkpoints/fc3_h32_L[2]_strict_seed43_ablation_wd_l2_fc3_h32.pth
fc3_h32,32,weight_decay,2,32,44,normal,97.510000,mnist-checkpoints/fc3_h32_L[2]_strict_seed44_ablation_wd_l2_fc3_h32.pth
fc3_h32,32,weight_decay,4,2,40,normal,95.520000,mnist-checkpoints/fc3_h32_L[4]_strict_seed40_ablation_wd_l4_fc3_h32.pth
fc3_h32,32,weight_decay,4,2,41,normal,95.980000,mnist-checkpoints/fc3_h32_L[4]_strict_seed41_ablation_wd_l4_fc3_h32.pth
fc3_h32,32,weight_decay,4,2,42,normal,95.960000,mnist-checkpoints/fc3_h32_L[4]_strict_seed42_ablation_wd_l4_fc3_h32.pth
fc3_h32,32,weight_decay,4,2,43,normal,95.440000,mnist-checkpoints/fc3_h32_L[4]_strict_seed43_ablation_wd_l4_fc3_h32.pth
fc3_h32,32,weight_decay,4,2,44,normal,95.880000,mnist-checkpoints/fc3_h32_L[4]_strict_seed44_ablation_wd_l4_fc3_h32.pth
fc3_h32,32,weight_decay,4,4,40,normal,96.710000,mnist-checkpoints/fc3_h32_L[4]_strict_seed40_ablation_wd_l4_fc3_h32.pth
fc3_h32,32,weight_decay,4,4,41,normal,97.220000,mnist-checkpoints/fc3_h32_L[4]_strict_seed41_ablation_wd_l4_fc3_h32.pth
fc3_h32,32,weight_decay,4,4,42,normal,97.140000,mnist-checkpoints/fc3_h32_L[4]_strict_seed42_ablation_wd_l4_fc3_h32.pth
fc3_h32,32,weight_decay,4,4,43,normal,96.820000,mnist-checkpoints/fc3_h32_L[4]_strict_seed43_ablation_wd_l4_fc3_h32.pth
fc3_h32,32,weight_decay,4,4,44,normal,97.180000,mnist-checkpoints/fc3_h32_L[4]_strict_seed44_ablation_wd_l4_fc3_h32.pth
fc3_h32,32,weight_decay,4,8,40,normal,96.950000,mnist-checkpoints/fc3_h32_L[4]_strict_seed40_ablation_wd_l4_fc3_h32.pth
fc3_h32,32,weight_decay,4,8,41,normal,97.320000,mnist-checkpoints/fc3_h32_L[4]_strict_seed41_ablation_wd_l4_fc3_h32.pth
fc3_h32,32,weight_decay,4,8,42,normal,97.460000,mnist-checkpoints/fc3_h32_L[4]_strict_seed42_ablation_wd_l4_fc3_h32.pth
fc3_h32,32,weight_decay,4,8,43,normal,97.010000,mnist-checkpoints/fc3_h32_L[4]_strict_seed43_ablation_wd_l4_fc3_h32.pth
fc3_h32,32,weight_decay,4,8,44,normal,97.140000,mnist-checkpoints/fc3_h32_L[4]_strict_seed44_ablation_wd_l4_fc3_h32.pth
fc3_h32,32,weight_decay,4,16,40,normal,97.040000,mnist-checkpoints/fc3_h32_L[4]_strict_seed40_ablation_wd_l4_fc3_h32.pth
fc3_h32,32,weight_decay,4,16,41,normal,97.430000,mnist-checkpoints/fc3_h32_L[4]_strict_seed41_ablation_wd_l4_fc3_h32.pth
fc3_h32,32,weight_decay,4,16,42,normal,97.500000,mnist-checkpoints/fc3_h32_L[4]_strict_seed42_ablation_wd_l4_fc3_h32.pth
fc3_h32,32,weight_decay,4,16,43,normal,97.030000,mnist-checkpoints/fc3_h32_L[4]_strict_seed43_ablation_wd_l4_fc3_h32.pth
fc3_h32,32,weight_decay,4,16,44,normal,97.290000,mnist-checkpoints/fc3_h32_L[4]_strict_seed44_ablation_wd_l4_fc3_h32.pth
fc3_h32,32,weight_decay,4,32,40,normal,97.040000,mnist-checkpoints/fc3_h32_L[4]_strict_seed40_ablation_wd_l4_fc3_h32.pth
fc3_h32,32,weight_decay,4,32,41,normal,97.510000,mnist-checkpoints/fc3_h32_L[4]_strict_seed41_ablation_wd_l4_fc3_h32.pth
fc3_h32,32,weight_decay,4,32,42,normal,97.450000,mnist-checkpoints/fc3_h32_L[4]_strict_seed42_ablation_wd_l4_fc3_h32.pth
fc3_h32,32,weight_decay,4,32,43,normal,97.040000,mnist-checkpoints/fc3_h32_L[4]_strict_seed43_ablation_wd_l4_fc3_h32.pth
fc3_h32,32,weight_decay,4,32,44,normal,97.280000,mnist-checkpoints/fc3_h32_L[4]_strict_seed44_ablation_wd_l4_fc3_h32.pth
fc3_h32,32,weight_decay,8,2,40,normal,95.520000,mnist-checkpoints/fc3_h32_L[8]_strict_seed40_ablation_wd_l8_fc3_h32.pth
fc3_h32,32,weight_decay,8,2,41,normal,95.240000,mnist-checkpoints/fc3_h32_L[8]_strict_seed41_ablation_wd_l8_fc3_h32.pth
fc3_h32,32,weight_decay,8,2,42,normal,95.520000,mnist-checkpoints/fc3_h32_L[8]_strict_seed42_ablation_wd_l8_fc3_h32.pth
fc3_h32,32,weight_decay,8,2,43,normal,93.770000,mnist-checkpoints/fc3_h32_L[8]_strict_seed43_ablation_wd_l8_fc3_h32.pth
fc3_h32,32,weight_decay,8,2,44,normal,95.720000,mnist-checkpoints/fc3_h32_L[8]_strict_seed44_ablation_wd_l8_fc3_h32.pth
fc3_h32,32,weight_decay,8,4,40,normal,97.040000,mnist-checkpoints/fc3_h32_L[8]_strict_seed40_ablation_wd_l8_fc3_h32.pth
fc3_h32,32,weight_decay,8,4,41,normal,96.840000,mnist-checkpoints/fc3_h32_L[8]_strict_seed41_ablation_wd_l8_fc3_h32.pth
fc3_h32,32,weight_decay,8,4,42,normal,96.890000,mnist-checkpoints/fc3_h32_L[8]_strict_seed42_ablation_wd_l8_fc3_h32.pth
fc3_h32,32,weight_decay,8,4,43,normal,96.200000,mnist-checkpoints/fc3_h32_L[8]_strict_seed43_ablation_wd_l8_fc3_h32.pth
fc3_h32,32,weight_decay,8,4,44,normal,97.290000,mnist-checkpoints/fc3_h32_L[8]_strict_seed44_ablation_wd_l8_fc3_h32.pth
fc3_h32,32,weight_decay,8,8,40,normal,97.370000,mnist-checkpoints/fc3_h32_L[8]_strict_seed40_ablation_wd_l8_fc3_h32.pth
fc3_h32,32,weight_decay,8,8,41,normal,97.110000,mnist-checkpoints/fc3_h32_L[8]_strict_seed41_ablation_wd_l8_fc3_h32.pth
fc3_h32,32,weight_decay,8,8,42,normal,97.250000,mnist-checkpoints/fc3_h32_L[8]_strict_seed42_ablation_wd_l8_fc3_h32.pth
fc3_h32,32,weight_decay,8,8,43,normal,96.900000,mnist-checkpoints/fc3_h32_L[8]_strict_seed43_ablation_wd_l8_fc3_h32.pth
fc3_h32,32,weight_decay,8,8,44,normal,97.570000,mnist-checkpoints/fc3_h32_L[8]_strict_seed44_ablation_wd_l8_fc3_h32.pth
fc3_h32,32,weight_decay,8,16,40,normal,97.410000,mnist-checkpoints/fc3_h32_L[8]_strict_seed40_ablation_wd_l8_fc3_h32.pth
fc3_h32,32,weight_decay,8,16,41,normal,97.160000,mnist-checkpoints/fc3_h32_L[8]_strict_seed41_ablation_wd_l8_fc3_h32.pth
fc3_h32,32,weight_decay,8,16,42,normal,97.360000,mnist-checkpoints/fc3_h32_L[8]_strict_seed42_ablation_wd_l8_fc3_h32.pth
fc3_h32,32,weight_decay,8,16,43,normal,97.000000,mnist-checkpoints/fc3_h32_L[8]_strict_seed43_ablation_wd_l8_fc3_h32.pth
fc3_h32,32,weight_decay,8,16,44,normal,97.640000,mnist-checkpoints/fc3_h32_L[8]_strict_seed44_ablation_wd_l8_fc3_h32.pth
fc3_h32,32,weight_decay,8,32,40,normal,97.360000,mnist-checkpoints/fc3_h32_L[8]_strict_seed40_ablation_wd_l8_fc3_h32.pth
fc3_h32,32,weight_decay,8,32,41,normal,97.200000,mnist-checkpoints/fc3_h32_L[8]_strict_seed41_ablation_wd_l8_fc3_h32.pth
fc3_h32,32,weight_decay,8,32,42,normal,97.360000,mnist-checkpoints/fc3_h32_L[8]_strict_seed42_ablation_wd_l8_fc3_h32.pth
fc3_h32,32,weight_decay,8,32,43,normal,97.070000,mnist-checkpoints/fc3_h32_L[8]_strict_seed43_ablation_wd_l8_fc3_h32.pth
fc3_h32,32,weight_decay,8,32,44,normal,97.640000,mnist-checkpoints/fc3_h32_L[8]_strict_seed44_ablation_wd_l8_fc3_h32.pth
fc3_h32,32,weight_decay,16,2,40,normal,94.290000,mnist-checkpoints/fc3_h32_L[16]_strict_seed40_ablation_wd_l16_fc3_h32.pth
fc3_h32,32,weight_decay,16,2,41,normal,93.650000,mnist-checkpoints/fc3_h32_L[16]_strict_seed41_ablation_wd_l16_fc3_h32.pth
fc3_h32,32,weight_decay,16,2,42,normal,95.210000,mnist-checkpoints/fc3_h32_L[16]_strict_seed42_ablation_wd_l16_fc3_h32.pth
fc3_h32,32,weight_decay,16,2,43,normal,93.180000,mnist-checkpoints/fc3_h32_L[16]_strict_seed43_ablation_wd_l16_fc3_h32.pth
fc3_h32,32,weight_decay,16,2,44,normal,94.820000,mnist-checkpoints/fc3_h32_L[16]_strict_seed44_ablation_wd_l16_fc3_h32.pth
fc3_h32,32,weight_decay,16,4,40,normal,96.790000,mnist-checkpoints/fc3_h32_L[16]_strict_seed40_ablation_wd_l16_fc3_h32.pth
fc3_h32,32,weight_decay,16,4,41,normal,96.120000,mnist-checkpoints/fc3_h32_L[16]_strict_seed41_ablation_wd_l16_fc3_h32.pth
fc3_h32,32,weight_decay,16,4,42,normal,97.140000,mnist-checkpoints/fc3_h32_L[16]_strict_seed42_ablation_wd_l16_fc3_h32.pth
fc3_h32,32,weight_decay,16,4,43,normal,96.170000,mnist-checkpoints/fc3_h32_L[16]_strict_seed43_ablation_wd_l16_fc3_h32.pth
fc3_h32,32,weight_decay,16,4,44,normal,96.700000,mnist-checkpoints/fc3_h32_L[16]_strict_seed44_ablation_wd_l16_fc3_h32.pth
fc3_h32,32,weight_decay,16,8,40,normal,96.990000,mnist-checkpoints/fc3_h32_L[16]_strict_seed40_ablation_wd_l16_fc3_h32.pth
fc3_h32,32,weight_decay,16,8,41,normal,96.860000,mnist-checkpoints/fc3_h32_L[16]_strict_seed41_ablation_wd_l16_fc3_h32.pth
fc3_h32,32,weight_decay,16,8,42,normal,97.530000,mnist-checkpoints/fc3_h32_L[16]_strict_seed42_ablation_wd_l16_fc3_h32.pth
fc3_h32,32,weight_decay,16,8,43,normal,96.700000,mnist-checkpoints/fc3_h32_L[16]_strict_seed43_ablation_wd_l16_fc3_h32.pth
fc3_h32,32,weight_decay,16,8,44,normal,97.120000,mnist-checkpoints/fc3_h32_L[16]_strict_seed44_ablation_wd_l16_fc3_h32.pth
fc3_h32,32,weight_decay,16,16,40,normal,97.270000,mnist-checkpoints/fc3_h32_L[16]_strict_seed40_ablation_wd_l16_fc3_h32.pth
fc3_h32,32,weight_decay,16,16,41,normal,96.880000,mnist-checkpoints/fc3_h32_L[16]_strict_seed41_ablation_wd_l16_fc3_h32.pth
fc3_h32,32,weight_decay,16,16,42,normal,97.640000,mnist-checkpoints/fc3_h32_L[16]_strict_seed42_ablation_wd_l16_fc3_h32.pth
fc3_h32,32,weight_decay,16,16,43,normal,96.880000,mnist-checkpoints/fc3_h32_L[16]_strict_seed43_ablation_wd_l16_fc3_h32.pth
fc3_h32,32,weight_decay,16,16,44,normal,97.210000,mnist-checkpoints/fc3_h32_L[16]_strict_seed44_ablation_wd_l16_fc3_h32.pth
fc3_h32,32,weight_decay,16,32,40,normal,97.230000,mnist-checkpoints/fc3_h32_L[16]_strict_seed40_ablation_wd_l16_fc3_h32.pth
fc3_h32,32,weight_decay,16,32,41,normal,96.920000,mnist-checkpoints/fc3_h32_L[16]_strict_seed41_ablation_wd_l16_fc3_h32.pth
fc3_h32,32,weight_decay,16,32,42,normal,97.490000,mnist-checkpoints/fc3_h32_L[16]_strict_seed42_ablation_wd_l16_fc3_h32.pth
fc3_h32,32,weight_decay,16,32,43,normal,96.900000,mnist-checkpoints/fc3_h32_L[16]_strict_seed43_ablation_wd_l16_fc3_h32.pth
fc3_h32,32,weight_decay,16,32,44,normal,97.170000,mnist-checkpoints/fc3_h32_L[16]_strict_seed44_ablation_wd_l16_fc3_h32.pth
fc3_h32,32,weight_decay,32,2,40,normal,93.730000,mnist-checkpoints/fc3_h32_L[32]_strict_seed40_ablation_wd_l32_fc3_h32.pth
fc3_h32,32,weight_decay,32,2,41,normal,93.720000,mnist-checkpoints/fc3_h32_L[32]_strict_seed41_ablation_wd_l32_fc3_h32.pth
fc3_h32,32,weight_decay,32,2,42,normal,94.890000,mnist-checkpoints/fc3_h32_L[32]_strict_seed42_ablation_wd_l32_fc3_h32.pth
fc3_h32,32,weight_decay,32,2,43,normal,93.560000,mnist-checkpoints/fc3_h32_L[32]_strict_seed43_ablation_wd_l32_fc3_h32.pth
fc3_h32,32,weight_decay,32,2,44,normal,95.000000,mnist-checkpoints/fc3_h32_L[32]_strict_seed44_ablation_wd_l32_fc3_h32.pth
fc3_h32,32,weight_decay,32,4,40,normal,96.250000,mnist-checkpoints/fc3_h32_L[32]_strict_seed40_ablation_wd_l32_fc3_h32.pth
fc3_h32,32,weight_decay,32,4,41,normal,96.320000,mnist-checkpoints/fc3_h32_L[32]_strict_seed41_ablation_wd_l32_fc3_h32.pth
fc3_h32,32,weight_decay,32,4,42,normal,96.770000,mnist-checkpoints/fc3_h32_L[32]_strict_seed42_ablation_wd_l32_fc3_h32.pth
fc3_h32,32,weight_decay,32,4,43,normal,96.360000,mnist-checkpoints/fc3_h32_L[32]_strict_seed43_ablation_wd_l32_fc3_h32.pth
fc3_h32,32,weight_decay,32,4,44,normal,96.830000,mnist-checkpoints/fc3_h32_L[32]_strict_seed44_ablation_wd_l32_fc3_h32.pth
fc3_h32,32,weight_decay,32,8,40,normal,96.760000,mnist-checkpoints/fc3_h32_L[32]_strict_seed40_ablation_wd_l32_fc3_h32.pth
fc3_h32,32,weight_decay,32,8,41,normal,96.960000,mnist-checkpoints/fc3_h32_L[32]_strict_seed41_ablation_wd_l32_fc3_h32.pth
fc3_h32,32,weight_decay,32,8,42,normal,97.180000,mnist-checkpoints/fc3_h32_L[32]_strict_seed42_ablation_wd_l32_fc3_h32.pth
fc3_h32,32,weight_decay,32,8,43,normal,97.000000,mnist-checkpoints/fc3_h32_L[32]_strict_seed43_ablation_wd_l32_fc3_h32.pth
fc3_h32,32,weight_decay,32,8,44,normal,97.290000,mnist-checkpoints/fc3_h32_L[32]_strict_seed44_ablation_wd_l32_fc3_h32.pth
fc3_h32,32,weight_decay,32,16,40,normal,96.870000,mnist-checkpoints/fc3_h32_L[32]_strict_seed40_ablation_wd_l32_fc3_h32.pth
fc3_h32,32,weight_decay,32,16,41,normal,96.970000,mnist-checkpoints/fc3_h32_L[32]_strict_seed41_ablation_wd_l32_fc3_h32.pth
fc3_h32,32,weight_decay,32,16,42,normal,97.360000,mnist-checkpoints/fc3_h32_L[32]_strict_seed42_ablation_wd_l32_fc3_h32.pth
fc3_h32,32,weight_decay,32,16,43,normal,97.200000,mnist-checkpoints/fc3_h32_L[32]_strict_seed43_ablation_wd_l32_fc3_h32.pth
fc3_h32,32,weight_decay,32,16,44,normal,97.310000,mnist-checkpoints/fc3_h32_L[32]_strict_seed44_ablation_wd_l32_fc3_h32.pth
fc3_h32,32,weight_decay,32,32,40,normal,97.060000,mnist-checkpoints/fc3_h32_L[32]_strict_seed40_ablation_wd_l32_fc3_h32.pth
fc3_h32,32,weight_decay,32,32,41,normal,97.060000,mnist-checkpoints/fc3_h32_L[32]_strict_seed41_ablation_wd_l32_fc3_h32.pth
fc3_h32,32,weight_decay,32,32,42,normal,97.380000,mnist-checkpoints/fc3_h32_L[32]_strict_seed42_ablation_wd_l32_fc3_h32.pth
fc3_h32,32,weight_decay,32,32,43,normal,97.130000,mnist-checkpoints/fc3_h32_L[32]_strict_seed43_ablation_wd_l32_fc3_h32.pth
fc3_h32,32,weight_decay,32,32,44,normal,97.400000,mnist-checkpoints/fc3_h32_L[32]_strict_seed44_ablation_wd_l32_fc3_h32.pth
fc3_h64,64,weight_decay,2,2,40,normal,97.540000,mnist-checkpoints/fc3_h64_L[2]_strict_seed40_ablation_wd_l2_fc3_h64.pth
fc3_h64,64,weight_decay,2,2,41,normal,97.140000,mnist-checkpoints/fc3_h64_L[2]_strict_seed41_ablation_wd_l2_fc3_h64.pth
fc3_h64,64,weight_decay,2,2,42,normal,97.210000,mnist-checkpoints/fc3_h64_L[2]_strict_seed42_ablation_wd_l2_fc3_h64.pth
fc3_h64,64,weight_decay,2,2,43,normal,97.230000,mnist-checkpoints/fc3_h64_L[2]_strict_seed43_ablation_wd_l2_fc3_h64.pth
fc3_h64,64,weight_decay,2,2,44,normal,97.120000,mnist-checkpoints/fc3_h64_L[2]_strict_seed44_ablation_wd_l2_fc3_h64.pth
fc3_h64,64,weight_decay,2,4,40,normal,97.790000,mnist-checkpoints/fc3_h64_L[2]_strict_seed40_ablation_wd_l2_fc3_h64.pth
fc3_h64,64,weight_decay,2,4,41,normal,97.690000,mnist-checkpoints/fc3_h64_L[2]_strict_seed41_ablation_wd_l2_fc3_h64.pth
fc3_h64,64,weight_decay,2,4,42,normal,97.620000,mnist-checkpoints/fc3_h64_L[2]_strict_seed42_ablation_wd_l2_fc3_h64.pth
fc3_h64,64,weight_decay,2,4,43,normal,97.630000,mnist-checkpoints/fc3_h64_L[2]_strict_seed43_ablation_wd_l2_fc3_h64.pth
fc3_h64,64,weight_decay,2,4,44,normal,97.670000,mnist-checkpoints/fc3_h64_L[2]_strict_seed44_ablation_wd_l2_fc3_h64.pth
fc3_h64,64,weight_decay,2,8,40,normal,97.880000,mnist-checkpoints/fc3_h64_L[2]_strict_seed40_ablation_wd_l2_fc3_h64.pth
fc3_h64,64,weight_decay,2,8,41,normal,97.810000,mnist-checkpoints/fc3_h64_L[2]_strict_seed41_ablation_wd_l2_fc3_h64.pth
fc3_h64,64,weight_decay,2,8,42,normal,97.620000,mnist-checkpoints/fc3_h64_L[2]_strict_seed42_ablation_wd_l2_fc3_h64.pth
fc3_h64,64,weight_decay,2,8,43,normal,97.750000,mnist-checkpoints/fc3_h64_L[2]_strict_seed43_ablation_wd_l2_fc3_h64.pth
fc3_h64,64,weight_decay,2,8,44,normal,97.840000,mnist-checkpoints/fc3_h64_L[2]_strict_seed44_ablation_wd_l2_fc3_h64.pth
fc3_h64,64,weight_decay,2,16,40,normal,97.970000,mnist-checkpoints/fc3_h64_L[2]_strict_seed40_ablation_wd_l2_fc3_h64.pth
fc3_h64,64,weight_decay,2,16,41,normal,97.760000,mnist-checkpoints/fc3_h64_L[2]_strict_seed41_ablation_wd_l2_fc3_h64.pth
fc3_h64,64,weight_decay,2,16,42,normal,97.720000,mnist-checkpoints/fc3_h64_L[2]_strict_seed42_ablation_wd_l2_fc3_h64.pth
fc3_h64,64,weight_decay,2,16,43,normal,97.880000,mnist-checkpoints/fc3_h64_L[2]_strict_seed43_ablation_wd_l2_fc3_h64.pth
fc3_h64,64,weight_decay,2,16,44,normal,97.870000,mnist-checkpoints/fc3_h64_L[2]_strict_seed44_ablation_wd_l2_fc3_h64.pth
fc3_h64,64,weight_decay,2,32,40,normal,97.960000,mnist-checkpoints/fc3_h64_L[2]_strict_seed40_ablation_wd_l2_fc3_h64.pth
fc3_h64,64,weight_decay,2,32,41,normal,97.770000,mnist-checkpoints/fc3_h64_L[2]_strict_seed41_ablation_wd_l2_fc3_h64.pth
fc3_h64,64,weight_decay,2,32,42,normal,97.690000,mnist-checkpoints/fc3_h64_L[2]_strict_seed42_ablation_wd_l2_fc3_h64.pth
fc3_h64,64,weight_decay,2,32,43,normal,97.900000,mnist-checkpoints/fc3_h64_L[2]_strict_seed43_ablation_wd_l2_fc3_h64.pth
fc3_h64,64,weight_decay,2,32,44,normal,97.800000,mnist-checkpoints/fc3_h64_L[2]_strict_seed44_ablation_wd_l2_fc3_h64.pth
fc3_h64,64,weight_decay,4,2,40,normal,96.850000,mnist-checkpoints/fc3_h64_L[4]_strict_seed40_ablation_wd_l4_fc3_h64.pth
fc3_h64,64,weight_decay,4,2,41,normal,96.860000,mnist-checkpoints/fc3_h64_L[4]_strict_seed41_ablation_wd_l4_fc3_h64.pth
fc3_h64,64,weight_decay,4,2,42,normal,96.680000,mnist-checkpoints/fc3_h64_L[4]_strict_seed42_ablation_wd_l4_fc3_h64.pth
fc3_h64,64,weight_decay,4,2,43,normal,96.970000,mnist-checkpoints/fc3_h64_L[4]_strict_seed43_ablation_wd_l4_fc3_h64.pth
fc3_h64,64,weight_decay,4,2,44,normal,96.670000,mnist-checkpoints/fc3_h64_L[4]_strict_seed44_ablation_wd_l4_fc3_h64.pth
fc3_h64,64,weight_decay,4,4,40,normal,97.810000,mnist-checkpoints/fc3_h64_L[4]_strict_seed40_ablation_wd_l4_fc3_h64.pth
fc3_h64,64,weight_decay,4,4,41,normal,97.580000,mnist-checkpoints/fc3_h64_L[4]_strict_seed41_ablation_wd_l4_fc3_h64.pth
fc3_h64,64,weight_decay,4,4,42,normal,97.840000,mnist-checkpoints/fc3_h64_L[4]_strict_seed42_ablation_wd_l4_fc3_h64.pth
fc3_h64,64,weight_decay,4,4,43,normal,97.810000,mnist-checkpoints/fc3_h64_L[4]_strict_seed43_ablation_wd_l4_fc3_h64.pth
fc3_h64,64,weight_decay,4,4,44,normal,97.700000,mnist-checkpoints/fc3_h64_L[4]_strict_seed44_ablation_wd_l4_fc3_h64.pth
fc3_h64,64,weight_decay,4,8,40,normal,97.740000,mnist-checkpoints/fc3_h64_L[4]_strict_seed40_ablation_wd_l4_fc3_h64.pth
fc3_h64,64,weight_decay,4,8,41,normal,97.860000,mnist-checkpoints/fc3_h64_L[4]_strict_seed41_ablation_wd_l4_fc3_h64.pth
fc3_h64,64,weight_decay,4,8,42,normal,98.020000,mnist-checkpoints/fc3_h64_L[4]_strict_seed42_ablation_wd_l4_fc3_h64.pth
fc3_h64,64,weight_decay,4,8,43,normal,97.840000,mnist-checkpoints/fc3_h64_L[4]_strict_seed43_ablation_wd_l4_fc3_h64.pth
fc3_h64,64,weight_decay,4,8,44,normal,97.790000,mnist-checkpoints/fc3_h64_L[4]_strict_seed44_ablation_wd_l4_fc3_h64.pth
fc3_h64,64,weight_decay,4,16,40,normal,97.860000,mnist-checkpoints/fc3_h64_L[4]_strict_seed40_ablation_wd_l4_fc3_h64.pth
fc3_h64,64,weight_decay,4,16,41,normal,97.840000,mnist-checkpoints/fc3_h64_L[4]_strict_seed41_ablation_wd_l4_fc3_h64.pth
fc3_h64,64,weight_decay,4,16,42,normal,97.990000,mnist-checkpoints/fc3_h64_L[4]_strict_seed42_ablation_wd_l4_fc3_h64.pth
fc3_h64,64,weight_decay,4,16,43,normal,97.940000,mnist-checkpoints/fc3_h64_L[4]_strict_seed43_ablation_wd_l4_fc3_h64.pth
fc3_h64,64,weight_decay,4,16,44,normal,97.930000,mnist-checkpoints/fc3_h64_L[4]_strict_seed44_ablation_wd_l4_fc3_h64.pth
fc3_h64,64,weight_decay,4,32,40,normal,97.850000,mnist-checkpoints/fc3_h64_L[4]_strict_seed40_ablation_wd_l4_fc3_h64.pth
fc3_h64,64,weight_decay,4,32,41,normal,97.880000,mnist-checkpoints/fc3_h64_L[4]_strict_seed41_ablation_wd_l4_fc3_h64.pth
fc3_h64,64,weight_decay,4,32,42,normal,97.980000,mnist-checkpoints/fc3_h64_L[4]_strict_seed42_ablation_wd_l4_fc3_h64.pth
fc3_h64,64,weight_decay,4,32,43,normal,97.990000,mnist-checkpoints/fc3_h64_L[4]_strict_seed43_ablation_wd_l4_fc3_h64.pth
fc3_h64,64,weight_decay,4,32,44,normal,98.020000,mnist-checkpoints/fc3_h64_L[4]_strict_seed44_ablation_wd_l4_fc3_h64.pth
fc3_h64,64,weight_decay,8,2,40,normal,96.190000,mnist-checkpoints/fc3_h64_L[8]_strict_seed40_ablation_wd_l8_fc3_h64.pth
fc3_h64,64,weight_decay,8,2,41,normal,96.360000,mnist-checkpoints/fc3_h64_L[8]_strict_seed41_ablation_wd_l8_fc3_h64.pth
fc3_h64,64,weight_decay,8,2,42,normal,95.880000,mnist-checkpoints/fc3_h64_L[8]_strict_seed42_ablation_wd_l8_fc3_h64.pth
fc3_h64,64,weight_decay,8,2,43,normal,95.860000,mnist-checkpoints/fc3_h64_L[8]_strict_seed43_ablation_wd_l8_fc3_h64.pth
fc3_h64,64,weight_decay,8,2,44,normal,96.150000,mnist-checkpoints/fc3_h64_L[8]_strict_seed44_ablation_wd_l8_fc3_h64.pth
fc3_h64,64,weight_decay,8,4,40,normal,97.420000,mnist-checkpoints/fc3_h64_L[8]_strict_seed40_ablation_wd_l8_fc3_h64.pth
fc3_h64,64,weight_decay,8,4,41,normal,97.480000,mnist-checkpoints/fc3_h64_L[8]_strict_seed41_ablation_wd_l8_fc3_h64.pth
fc3_h64,64,weight_decay,8,4,42,normal,97.470000,mnist-checkpoints/fc3_h64_L[8]_strict_seed42_ablation_wd_l8_fc3_h64.pth
fc3_h64,64,weight_decay,8,4,43,normal,97.200000,mnist-checkpoints/fc3_h64_L[8]_strict_seed43_ablation_wd_l8_fc3_h64.pth
fc3_h64,64,weight_decay,8,4,44,normal,97.140000,mnist-checkpoints/fc3_h64_L[8]_strict_seed44_ablation_wd_l8_fc3_h64.pth
fc3_h64,64,weight_decay,8,8,40,normal,97.700000,mnist-checkpoints/fc3_h64_L[8]_strict_seed40_ablation_wd_l8_fc3_h64.pth
fc3_h64,64,weight_decay,8,8,41,normal,97.920000,mnist-checkpoints/fc3_h64_L[8]_strict_seed41_ablation_wd_l8_fc3_h64.pth
fc3_h64,64,weight_decay,8,8,42,normal,97.620000,mnist-checkpoints/fc3_h64_L[8]_strict_seed42_ablation_wd_l8_fc3_h64.pth
fc3_h64,64,weight_decay,8,8,43,normal,97.580000,mnist-checkpoints/fc3_h64_L[8]_strict_seed43_ablation_wd_l8_fc3_h64.pth
fc3_h64,64,weight_decay,8,8,44,normal,97.480000,mnist-checkpoints/fc3_h64_L[8]_strict_seed44_ablation_wd_l8_fc3_h64.pth
fc3_h64,64,weight_decay,8,16,40,normal,97.590000,mnist-checkpoints/fc3_h64_L[8]_strict_seed40_ablation_wd_l8_fc3_h64.pth
fc3_h64,64,weight_decay,8,16,41,normal,97.790000,mnist-checkpoints/fc3_h64_L[8]_strict_seed41_ablation_wd_l8_fc3_h64.pth
fc3_h64,64,weight_decay,8,16,42,normal,97.710000,mnist-checkpoints/fc3_h64_L[8]_strict_seed42_ablation_wd_l8_fc3_h64.pth
fc3_h64,64,weight_decay,8,16,43,normal,97.570000,mnist-checkpoints/fc3_h64_L[8]_strict_seed43_ablation_wd_l8_fc3_h64.pth
fc3_h64,64,weight_decay,8,16,44,normal,97.440000,mnist-checkpoints/fc3_h64_L[8]_strict_seed44_ablation_wd_l8_fc3_h64.pth
fc3_h64,64,weight_decay,8,32,40,normal,97.630000,mnist-checkpoints/fc3_h64_L[8]_strict_seed40_ablation_wd_l8_fc3_h64.pth
fc3_h64,64,weight_decay,8,32,41,normal,97.770000,mnist-checkpoints/fc3_h64_L[8]_strict_seed41_ablation_wd_l8_fc3_h64.pth
fc3_h64,64,weight_decay,8,32,42,normal,97.680000,mnist-checkpoints/fc3_h64_L[8]_strict_seed42_ablation_wd_l8_fc3_h64.pth
fc3_h64,64,weight_decay,8,32,43,normal,97.640000,mnist-checkpoints/fc3_h64_L[8]_strict_seed43_ablation_wd_l8_fc3_h64.pth
fc3_h64,64,weight_decay,8,32,44,normal,97.460000,mnist-checkpoints/fc3_h64_L[8]_strict_seed44_ablation_wd_l8_fc3_h64.pth
fc3_h64,64,weight_decay,16,2,40,normal,95.850000,mnist-checkpoints/fc3_h64_L[16]_strict_seed40_ablation_wd_l16_fc3_h64.pth
fc3_h64,64,weight_decay,16,2,41,normal,95.810000,mnist-checkpoints/fc3_h64_L[16]_strict_seed41_ablation_wd_l16_fc3_h64.pth
fc3_h64,64,weight_decay,16,2,42,normal,96.110000,mnist-checkpoints/fc3_h64_L[16]_strict_seed42_ablation_wd_l16_fc3_h64.pth
fc3_h64,64,weight_decay,16,2,43,normal,95.910000,mnist-checkpoints/fc3_h64_L[16]_strict_seed43_ablation_wd_l16_fc3_h64.pth
fc3_h64,64,weight_decay,16,2,44,normal,96.220000,mnist-checkpoints/fc3_h64_L[16]_strict_seed44_ablation_wd_l16_fc3_h64.pth
fc3_h64,64,weight_decay,16,4,40,normal,97.170000,mnist-checkpoints/fc3_h64_L[16]_strict_seed40_ablation_wd_l16_fc3_h64.pth
fc3_h64,64,weight_decay,16,4,41,normal,97.280000,mnist-checkpoints/fc3_h64_L[16]_strict_seed41_ablation_wd_l16_fc3_h64.pth
fc3_h64,64,weight_decay,16,4,42,normal,97.420000,mnist-checkpoints/fc3_h64_L[16]_strict_seed42_ablation_wd_l16_fc3_h64.pth
fc3_h64,64,weight_decay,16,4,43,normal,97.230000,mnist-checkpoints/fc3_h64_L[16]_strict_seed43_ablation_wd_l16_fc3_h64.pth
fc3_h64,64,weight_decay,16,4,44,normal,97.470000,mnist-checkpoints/fc3_h64_L[16]_strict_seed44_ablation_wd_l16_fc3_h64.pth
fc3_h64,64,weight_decay,16,8,40,normal,97.450000,mnist-checkpoints/fc3_h64_L[16]_strict_seed40_ablation_wd_l16_fc3_h64.pth
fc3_h64,64,weight_decay,16,8,41,normal,97.610000,mnist-checkpoints/fc3_h64_L[16]_strict_seed41_ablation_wd_l16_fc3_h64.pth
fc3_h64,64,weight_decay,16,8,42,normal,97.730000,mnist-checkpoints/fc3_h64_L[16]_strict_seed42_ablation_wd_l16_fc3_h64.pth
fc3_h64,64,weight_decay,16,8,43,normal,97.470000,mnist-checkpoints/fc3_h64_L[16]_strict_seed43_ablation_wd_l16_fc3_h64.pth
fc3_h64,64,weight_decay,16,8,44,normal,97.690000,mnist-checkpoints/fc3_h64_L[16]_strict_seed44_ablation_wd_l16_fc3_h64.pth
fc3_h64,64,weight_decay,16,16,40,normal,97.550000,mnist-checkpoints/fc3_h64_L[16]_strict_seed40_ablation_wd_l16_fc3_h64.pth
fc3_h64,64,weight_decay,16,16,41,normal,97.810000,mnist-checkpoints/fc3_h64_L[16]_strict_seed41_ablation_wd_l16_fc3_h64.pth
fc3_h64,64,weight_decay,16,16,42,normal,97.800000,mnist-checkpoints/fc3_h64_L[16]_strict_seed42_ablation_wd_l16_fc3_h64.pth
fc3_h64,64,weight_decay,16,16,43,normal,97.620000,mnist-checkpoints/fc3_h64_L[16]_strict_seed43_ablation_wd_l16_fc3_h64.pth
fc3_h64,64,weight_decay,16,16,44,normal,97.770000,mnist-checkpoints/fc3_h64_L[16]_strict_seed44_ablation_wd_l16_fc3_h64.pth
fc3_h64,64,weight_decay,16,32,40,normal,97.550000,mnist-checkpoints/fc3_h64_L[16]_strict_seed40_ablation_wd_l16_fc3_h64.pth
fc3_h64,64,weight_decay,16,32,41,normal,97.800000,mnist-checkpoints/fc3_h64_L[16]_strict_seed41_ablation_wd_l16_fc3_h64.pth
fc3_h64,64,weight_decay,16,32,42,normal,97.810000,mnist-checkpoints/fc3_h64_L[16]_strict_seed42_ablation_wd_l16_fc3_h64.pth
fc3_h64,64,weight_decay,16,32,43,normal,97.740000,mnist-checkpoints/fc3_h64_L[16]_strict_seed43_ablation_wd_l16_fc3_h64.pth
fc3_h64,64,weight_decay,16,32,44,normal,97.800000,mnist-checkpoints/fc3_h64_L[16]_strict_seed44_ablation_wd_l16_fc3_h64.pth
fc3_h64,64,weight_decay,32,2,40,normal,95.740000,mnist-checkpoints/fc3_h64_L[32]_strict_seed40_ablation_wd_l32_fc3_h64.pth
fc3_h64,64,weight_decay,32,2,41,normal,96.010000,mnist-checkpoints/fc3_h64_L[32]_strict_seed41_ablation_wd_l32_fc3_h64.pth
fc3_h64,64,weight_decay,32,2,42,normal,93.170000,mnist-checkpoints/fc3_h64_L[32]_strict_seed42_ablation_wd_l32_fc3_h64.pth
fc3_h64,64,weight_decay,32,2,43,normal,95.650000,mnist-checkpoints/fc3_h64_L[32]_strict_seed43_ablation_wd_l32_fc3_h64.pth
fc3_h64,64,weight_decay,32,2,44,normal,95.540000,mnist-checkpoints/fc3_h64_L[32]_strict_seed44_ablation_wd_l32_fc3_h64.pth
fc3_h64,64,weight_decay,32,4,40,normal,97.180000,mnist-checkpoints/fc3_h64_L[32]_strict_seed40_ablation_wd_l32_fc3_h64.pth
fc3_h64,64,weight_decay,32,4,41,normal,96.670000,mnist-checkpoints/fc3_h64_L[32]_strict_seed41_ablation_wd_l32_fc3_h64.pth
fc3_h64,64,weight_decay,32,4,42,normal,94.490000,mnist-checkpoints/fc3_h64_L[32]_strict_seed42_ablation_wd_l32_fc3_h64.pth
fc3_h64,64,weight_decay,32,4,43,normal,97.250000,mnist-checkpoints/fc3_h64_L[32]_strict_seed43_ablation_wd_l32_fc3_h64.pth
fc3_h64,64,weight_decay,32,4,44,normal,96.450000,mnist-checkpoints/fc3_h64_L[32]_strict_seed44_ablation_wd_l32_fc3_h64.pth
fc3_h64,64,weight_decay,32,8,40,normal,97.390000,mnist-checkpoints/fc3_h64_L[32]_strict_seed40_ablation_wd_l32_fc3_h64.pth
fc3_h64,64,weight_decay,32,8,41,normal,96.900000,mnist-checkpoints/fc3_h64_L[32]_strict_seed41_ablation_wd_l32_fc3_h64.pth
fc3_h64,64,weight_decay,32,8,42,normal,94.910000,mnist-checkpoints/fc3_h64_L[32]_strict_seed42_ablation_wd_l32_fc3_h64.pth
fc3_h64,64,weight_decay,32,8,43,normal,97.540000,mnist-checkpoints/fc3_h64_L[32]_strict_seed43_ablation_wd_l32_fc3_h64.pth
fc3_h64,64,weight_decay,32,8,44,normal,96.700000,mnist-checkpoints/fc3_h64_L[32]_strict_seed44_ablation_wd_l32_fc3_h64.pth
fc3_h64,64,weight_decay,32,16,40,normal,97.600000,mnist-checkpoints/fc3_h64_L[32]_strict_seed40_ablation_wd_l32_fc3_h64.pth
fc3_h64,64,weight_decay,32,16,41,normal,97.070000,mnist-checkpoints/fc3_h64_L[32]_strict_seed41_ablation_wd_l32_fc3_h64.pth
fc3_h64,64,weight_decay,32,16,42,normal,94.920000,mnist-checkpoints/fc3_h64_L[32]_strict_seed42_ablation_wd_l32_fc3_h64.pth
fc3_h64,64,weight_decay,32,16,43,normal,97.600000,mnist-checkpoints/fc3_h64_L[32]_strict_seed43_ablation_wd_l32_fc3_h64.pth
fc3_h64,64,weight_decay,32,16,44,normal,96.870000,mnist-checkpoints/fc3_h64_L[32]_strict_seed44_ablation_wd_l32_fc3_h64.pth
fc3_h64,64,weight_decay,32,32,40,normal,97.590000,mnist-checkpoints/fc3_h64_L[32]_strict_seed40_ablation_wd_l32_fc3_h64.pth
fc3_h64,64,weight_decay,32,32,41,normal,97.050000,mnist-checkpoints/fc3_h64_L[32]_strict_seed41_ablation_wd_l32_fc3_h64.pth
fc3_h64,64,weight_decay,32,32,42,normal,95.520000,mnist-checkpoints/fc3_h64_L[32]_strict_seed42_ablation_wd_l32_fc3_h64.pth
fc3_h64,64,weight_decay,32,32,43,normal,97.670000,mnist-checkpoints/fc3_h64_L[32]_strict_seed43_ablation_wd_l32_fc3_h64.pth
fc3_h64,64,weight_decay,32,32,44,normal,96.890000,mnist-checkpoints/fc3_h64_L[32]_strict_seed44_ablation_wd_l32_fc3_h64.pth
fc3_h128,128,weight_decay,2,2,40,normal,94.190000,mnist-checkpoints/fc3_h128_L[2]_strict_seed40_ablation_wd_l2_fc3_h128.pth
fc3_h128,128,weight_decay,2,2,41,normal,97.270000,mnist-checkpoints/fc3_h128_L[2]_strict_seed41_ablation_wd_l2_fc3_h128.pth
fc3_h128,128,weight_decay,2,2,42,normal,96.100000,mnist-checkpoints/fc3_h128_L[2]_strict_seed42_ablation_wd_l2_fc3_h128.pth
fc3_h128,128,weight_decay,2,2,43,normal,92.300000,mnist-checkpoints/fc3_h128_L[2]_strict_seed43_ablation_wd_l2_fc3_h128.pth
fc3_h128,128,weight_decay,2,2,44,normal,97.340000,mnist-checkpoints/fc3_h128_L[2]_strict_seed44_ablation_wd_l2_fc3_h128.pth
fc3_h128,128,weight_decay,2,4,40,normal,95.200000,mnist-checkpoints/fc3_h128_L[2]_strict_seed40_ablation_wd_l2_fc3_h128.pth
fc3_h128,128,weight_decay,2,4,41,normal,97.500000,mnist-checkpoints/fc3_h128_L[2]_strict_seed41_ablation_wd_l2_fc3_h128.pth
fc3_h128,128,weight_decay,2,4,42,normal,96.370000,mnist-checkpoints/fc3_h128_L[2]_strict_seed42_ablation_wd_l2_fc3_h128.pth
fc3_h128,128,weight_decay,2,4,43,normal,93.490000,mnist-checkpoints/fc3_h128_L[2]_strict_seed43_ablation_wd_l2_fc3_h128.pth
fc3_h128,128,weight_decay,2,4,44,normal,97.860000,mnist-checkpoints/fc3_h128_L[2]_strict_seed44_ablation_wd_l2_fc3_h128.pth
fc3_h128,128,weight_decay,2,8,40,normal,95.300000,mnist-checkpoints/fc3_h128_L[2]_strict_seed40_ablation_wd_l2_fc3_h128.pth
fc3_h128,128,weight_decay,2,8,41,normal,97.770000,mnist-checkpoints/fc3_h128_L[2]_strict_seed41_ablation_wd_l2_fc3_h128.pth
fc3_h128,128,weight_decay,2,8,42,normal,96.450000,mnist-checkpoints/fc3_h128_L[2]_strict_seed42_ablation_wd_l2_fc3_h128.pth
fc3_h128,128,weight_decay,2,8,43,normal,95.310000,mnist-checkpoints/fc3_h128_L[2]_strict_seed43_ablation_wd_l2_fc3_h128.pth
fc3_h128,128,weight_decay,2,8,44,normal,97.980000,mnist-checkpoints/fc3_h128_L[2]_strict_seed44_ablation_wd_l2_fc3_h128.pth
fc3_h128,128,weight_decay,2,16,40,normal,95.370000,mnist-checkpoints/fc3_h128_L[2]_strict_seed40_ablation_wd_l2_fc3_h128.pth
fc3_h128,128,weight_decay,2,16,41,normal,97.670000,mnist-checkpoints/fc3_h128_L[2]_strict_seed41_ablation_wd_l2_fc3_h128.pth
fc3_h128,128,weight_decay,2,16,42,normal,96.420000,mnist-checkpoints/fc3_h128_L[2]_strict_seed42_ablation_wd_l2_fc3_h128.pth
fc3_h128,128,weight_decay,2,16,43,normal,95.230000,mnist-checkpoints/fc3_h128_L[2]_strict_seed43_ablation_wd_l2_fc3_h128.pth
fc3_h128,128,weight_decay,2,16,44,normal,97.970000,mnist-checkpoints/fc3_h128_L[2]_strict_seed44_ablation_wd_l2_fc3_h128.pth
fc3_h128,128,weight_decay,2,32,40,normal,95.440000,mnist-checkpoints/fc3_h128_L[2]_strict_seed40_ablation_wd_l2_fc3_h128.pth
fc3_h128,128,weight_decay,2,32,41,normal,97.780000,mnist-checkpoints/fc3_h128_L[2]_strict_seed41_ablation_wd_l2_fc3_h128.pth
fc3_h128,128,weight_decay,2,32,42,normal,96.430000,mnist-checkpoints/fc3_h128_L[2]_strict_seed42_ablation_wd_l2_fc3_h128.pth
fc3_h128,128,weight_decay,2,32,43,normal,95.280000,mnist-checkpoints/fc3_h128_L[2]_strict_seed43_ablation_wd_l2_fc3_h128.pth
fc3_h128,128,weight_decay,2,32,44,normal,97.950000,mnist-checkpoints/fc3_h128_L[2]_strict_seed44_ablation_wd_l2_fc3_h128.pth
fc3_h128,128,weight_decay,4,2,40,normal,95.950000,mnist-checkpoints/fc3_h128_L[4]_strict_seed40_ablation_wd_l4_fc3_h128.pth
fc3_h128,128,weight_decay,4,2,41,normal,94.580000,mnist-checkpoints/fc3_h128_L[4]_strict_seed41_ablation_wd_l4_fc3_h128.pth
fc3_h128,128,weight_decay,4,2,42,normal,96.490000,mnist-checkpoints/fc3_h128_L[4]_strict_seed42_ablation_wd_l4_fc3_h128.pth
fc3_h128,128,weight_decay,4,2,43,normal,96.240000,mnist-checkpoints/fc3_h128_L[4]_strict_seed43_ablation_wd_l4_fc3_h128.pth
fc3_h128,128,weight_decay,4,2,44,normal,94.720000,mnist-checkpoints/fc3_h128_L[4]_strict_seed44_ablation_wd_l4_fc3_h128.pth
fc3_h128,128,weight_decay,4,4,40,normal,96.870000,mnist-checkpoints/fc3_h128_L[4]_strict_seed40_ablation_wd_l4_fc3_h128.pth
fc3_h128,128,weight_decay,4,4,41,normal,95.060000,mnist-checkpoints/fc3_h128_L[4]_strict_seed41_ablation_wd_l4_fc3_h128.pth
fc3_h128,128,weight_decay,4,4,42,normal,97.670000,mnist-checkpoints/fc3_h128_L[4]_strict_seed42_ablation_wd_l4_fc3_h128.pth
fc3_h128,128,weight_decay,4,4,43,normal,96.810000,mnist-checkpoints/fc3_h128_L[4]_strict_seed43_ablation_wd_l4_fc3_h128.pth
fc3_h128,128,weight_decay,4,4,44,normal,95.550000,mnist-checkpoints/fc3_h128_L[4]_strict_seed44_ablation_wd_l4_fc3_h128.pth
fc3_h128,128,weight_decay,4,8,40,normal,96.900000,mnist-checkpoints/fc3_h128_L[4]_strict_seed40_ablation_wd_l4_fc3_h128.pth
fc3_h128,128,weight_decay,4,8,41,normal,95.140000,mnist-checkpoints/fc3_h128_L[4]_strict_seed41_ablation_wd_l4_fc3_h128.pth
fc3_h128,128,weight_decay,4,8,42,normal,97.710000,mnist-checkpoints/fc3_h128_L[4]_strict_seed42_ablation_wd_l4_fc3_h128.pth
fc3_h128,128,weight_decay,4,8,43,normal,96.860000,mnist-checkpoints/fc3_h128_L[4]_strict_seed43_ablation_wd_l4_fc3_h128.pth
fc3_h128,128,weight_decay,4,8,44,normal,95.640000,mnist-checkpoints/fc3_h128_L[4]_strict_seed44_ablation_wd_l4_fc3_h128.pth
fc3_h128,128,weight_decay,4,16,40,normal,96.920000,mnist-checkpoints/fc3_h128_L[4]_strict_seed40_ablation_wd_l4_fc3_h128.pth
fc3_h128,128,weight_decay,4,16,41,normal,95.170000,mnist-checkpoints/fc3_h128_L[4]_strict_seed41_ablation_wd_l4_fc3_h128.pth
fc3_h128,128,weight_decay,4,16,42,normal,97.810000,mnist-checkpoints/fc3_h128_L[4]_strict_seed42_ablation_wd_l4_fc3_h128.pth
fc3_h128,128,weight_decay,4,16,43,normal,96.930000,mnist-checkpoints/fc3_h128_L[4]_strict_seed43_ablation_wd_l4_fc3_h128.pth
fc3_h128,128,weight_decay,4,16,44,normal,95.650000,mnist-checkpoints/fc3_h128_L[4]_strict_seed44_ablation_wd_l4_fc3_h128.pth
fc3_h128,128,weight_decay,4,32,40,normal,97.020000,mnist-checkpoints/fc3_h128_L[4]_strict_seed40_ablation_wd_l4_fc3_h128.pth
fc3_h128,128,weight_decay,4,32,41,normal,95.190000,mnist-checkpoints/fc3_h128_L[4]_strict_seed41_ablation_wd_l4_fc3_h128.pth
fc3_h128,128,weight_decay,4,32,42,normal,97.890000,mnist-checkpoints/fc3_h128_L[4]_strict_seed42_ablation_wd_l4_fc3_h128.pth
fc3_h128,128,weight_decay,4,32,43,normal,96.930000,mnist-checkpoints/fc3_h128_L[4]_strict_seed43_ablation_wd_l4_fc3_h128.pth
fc3_h128,128,weight_decay,4,32,44,normal,95.650000,mnist-checkpoints/fc3_h128_L[4]_strict_seed44_ablation_wd_l4_fc3_h128.pth
fc3_h128,128,weight_decay,8,2,40,normal,96.010000,mnist-checkpoints/fc3_h128_L[8]_strict_seed40_ablation_wd_l8_fc3_h128.pth
fc3_h128,128,weight_decay,8,2,41,normal,95.050000,mnist-checkpoints/fc3_h128_L[8]_strict_seed41_ablation_wd_l8_fc3_h128.pth
fc3_h128,128,weight_decay,8,2,42,normal,95.060000,mnist-checkpoints/fc3_h128_L[8]_strict_seed42_ablation_wd_l8_fc3_h128.pth
fc3_h128,128,weight_decay,8,2,43,normal,96.230000,mnist-checkpoints/fc3_h128_L[8]_strict_seed43_ablation_wd_l8_fc3_h128.pth
fc3_h128,128,weight_decay,8,2,44,normal,96.060000,mnist-checkpoints/fc3_h128_L[8]_strict_seed44_ablation_wd_l8_fc3_h128.pth
fc3_h128,128,weight_decay,8,4,40,normal,97.520000,mnist-checkpoints/fc3_h128_L[8]_strict_seed40_ablation_wd_l8_fc3_h128.pth
fc3_h128,128,weight_decay,8,4,41,normal,96.410000,mnist-checkpoints/fc3_h128_L[8]_strict_seed41_ablation_wd_l8_fc3_h128.pth
fc3_h128,128,weight_decay,8,4,42,normal,95.470000,mnist-checkpoints/fc3_h128_L[8]_strict_seed42_ablation_wd_l8_fc3_h128.pth
fc3_h128,128,weight_decay,8,4,43,normal,97.500000,mnist-checkpoints/fc3_h128_L[8]_strict_seed43_ablation_wd_l8_fc3_h128.pth
fc3_h128,128,weight_decay,8,4,44,normal,96.810000,mnist-checkpoints/fc3_h128_L[8]_strict_seed44_ablation_wd_l8_fc3_h128.pth
fc3_h128,128,weight_decay,8,8,40,normal,97.860000,mnist-checkpoints/fc3_h128_L[8]_strict_seed40_ablation_wd_l8_fc3_h128.pth
fc3_h128,128,weight_decay,8,8,41,normal,96.760000,mnist-checkpoints/fc3_h128_L[8]_strict_seed41_ablation_wd_l8_fc3_h128.pth
fc3_h128,128,weight_decay,8,8,42,normal,95.520000,mnist-checkpoints/fc3_h128_L[8]_strict_seed42_ablation_wd_l8_fc3_h128.pth
fc3_h128,128,weight_decay,8,8,43,normal,97.760000,mnist-checkpoints/fc3_h128_L[8]_strict_seed43_ablation_wd_l8_fc3_h128.pth
fc3_h128,128,weight_decay,8,8,44,normal,96.940000,mnist-checkpoints/fc3_h128_L[8]_strict_seed44_ablation_wd_l8_fc3_h128.pth
fc3_h128,128,weight_decay,8,16,40,normal,97.910000,mnist-checkpoints/fc3_h128_L[8]_strict_seed40_ablation_wd_l8_fc3_h128.pth
fc3_h128,128,weight_decay,8,16,41,normal,96.900000,mnist-checkpoints/fc3_h128_L[8]_strict_seed41_ablation_wd_l8_fc3_h128.pth
fc3_h128,128,weight_decay,8,16,42,normal,95.640000,mnist-checkpoints/fc3_h128_L[8]_strict_seed42_ablation_wd_l8_fc3_h128.pth
fc3_h128,128,weight_decay,8,16,43,normal,97.760000,mnist-checkpoints/fc3_h128_L[8]_strict_seed43_ablation_wd_l8_fc3_h128.pth
fc3_h128,128,weight_decay,8,16,44,normal,97.030000,mnist-checkpoints/fc3_h128_L[8]_strict_seed44_ablation_wd_l8_fc3_h128.pth
fc3_h128,128,weight_decay,8,32,40,normal,97.950000,mnist-checkpoints/fc3_h128_L[8]_strict_seed40_ablation_wd_l8_fc3_h128.pth
fc3_h128,128,weight_decay,8,32,41,normal,96.890000,mnist-checkpoints/fc3_h128_L[8]_strict_seed41_ablation_wd_l8_fc3_h128.pth
fc3_h128,128,weight_decay,8,32,42,normal,95.600000,mnist-checkpoints/fc3_h128_L[8]_strict_seed42_ablation_wd_l8_fc3_h128.pth
fc3_h128,128,weight_decay,8,32,43,normal,97.780000,mnist-checkpoints/fc3_h128_L[8]_strict_seed43_ablation_wd_l8_fc3_h128.pth
fc3_h128,128,weight_decay,8,32,44,normal,97.050000,mnist-checkpoints/fc3_h128_L[8]_strict_seed44_ablation_wd_l8_fc3_h128.pth
fc3_h128,128,weight_decay,16,2,40,normal,96.180000,mnist-checkpoints/fc3_h128_L[16]_strict_seed40_ablation_wd_l16_fc3_h128.pth
fc3_h128,128,weight_decay,16,2,41,normal,95.880000,mnist-checkpoints/fc3_h128_L[16]_strict_seed41_ablation_wd_l16_fc3_h128.pth
fc3_h128,128,weight_decay,16,2,42,normal,96.080000,mnist-checkpoints/fc3_h128_L[16]_strict_seed42_ablation_wd_l16_fc3_h128.pth
fc3_h128,128,weight_decay,16,2,43,normal,96.090000,mnist-checkpoints/fc3_h128_L[16]_strict_seed43_ablation_wd_l16_fc3_h128.pth
fc3_h128,128,weight_decay,16,2,44,normal,96.310000,mnist-checkpoints/fc3_h128_L[16]_strict_seed44_ablation_wd_l16_fc3_h128.pth
fc3_h128,128,weight_decay,16,4,40,normal,97.510000,mnist-checkpoints/fc3_h128_L[16]_strict_seed40_ablation_wd_l16_fc3_h128.pth
fc3_h128,128,weight_decay,16,4,41,normal,97.520000,mnist-checkpoints/fc3_h128_L[16]_strict_seed41_ablation_wd_l16_fc3_h128.pth
fc3_h128,128,weight_decay,16,4,42,normal,97.360000,mnist-checkpoints/fc3_h128_L[16]_strict_seed42_ablation_wd_l16_fc3_h128.pth
fc3_h128,128,weight_decay,16,4,43,normal,97.330000,mnist-checkpoints/fc3_h128_L[16]_strict_seed43_ablation_wd_l16_fc3_h128.pth
fc3_h128,128,weight_decay,16,4,44,normal,97.620000,mnist-checkpoints/fc3_h128_L[16]_strict_seed44_ablation_wd_l16_fc3_h128.pth
fc3_h128,128,weight_decay,16,8,40,normal,97.790000,mnist-checkpoints/fc3_h128_L[16]_strict_seed40_ablation_wd_l16_fc3_h128.pth
fc3_h128,128,weight_decay,16,8,41,normal,97.810000,mnist-checkpoints/fc3_h128_L[16]_strict_seed41_ablation_wd_l16_fc3_h128.pth
fc3_h128,128,weight_decay,16,8,42,normal,97.510000,mnist-checkpoints/fc3_h128_L[16]_strict_seed42_ablation_wd_l16_fc3_h128.pth
fc3_h128,128,weight_decay,16,8,43,normal,97.590000,mnist-checkpoints/fc3_h128_L[16]_strict_seed43_ablation_wd_l16_fc3_h128.pth
fc3_h128,128,weight_decay,16,8,44,normal,97.890000,mnist-checkpoints/fc3_h128_L[16]_strict_seed44_ablation_wd_l16_fc3_h128.pth
fc3_h128,128,weight_decay,16,16,40,normal,97.780000,mnist-checkpoints/fc3_h128_L[16]_strict_seed40_ablation_wd_l16_fc3_h128.pth
fc3_h128,128,weight_decay,16,16,41,normal,97.970000,mnist-checkpoints/fc3_h128_L[16]_strict_seed41_ablation_wd_l16_fc3_h128.pth
fc3_h128,128,weight_decay,16,16,42,normal,97.630000,mnist-checkpoints/fc3_h128_L[16]_strict_seed42_ablation_wd_l16_fc3_h128.pth
fc3_h128,128,weight_decay,16,16,43,normal,97.730000,mnist-checkpoints/fc3_h128_L[16]_strict_seed43_ablation_wd_l16_fc3_h128.pth
fc3_h128,128,weight_decay,16,16,44,normal,97.870000,mnist-checkpoints/fc3_h128_L[16]_strict_seed44_ablation_wd_l16_fc3_h128.pth
fc3_h128,128,weight_decay,16,32,40,normal,97.750000,mnist-checkpoints/fc3_h128_L[16]_strict_seed40_ablation_wd_l16_fc3_h128.pth
fc3_h128,128,weight_decay,16,32,41,normal,97.940000,mnist-checkpoints/fc3_h128_L[16]_strict_seed41_ablation_wd_l16_fc3_h128.pth
fc3_h128,128,weight_decay,16,32,42,normal,97.630000,mnist-checkpoints/fc3_h128_L[16]_strict_seed42_ablation_wd_l16_fc3_h128.pth
fc3_h128,128,weight_decay,16,32,43,normal,97.700000,mnist-checkpoints/fc3_h128_L[16]_strict_seed43_ablation_wd_l16_fc3_h128.pth
fc3_h128,128,weight_decay,16,32,44,normal,97.870000,mnist-checkpoints/fc3_h128_L[16]_strict_seed44_ablation_wd_l16_fc3_h128.pth
fc3_h128,128,weight_decay,32,2,40,normal,94.900000,mnist-checkpoints/fc3_h128_L[32]_strict_seed40_ablation_wd_l32_fc3_h128.pth
fc3_h128,128,weight_decay,32,2,41,normal,96.480000,mnist-checkpoints/fc3_h128_L[32]_strict_seed41_ablation_wd_l32_fc3_h128.pth
fc3_h128,128,weight_decay,32,2,42,normal,95.510000,mnist-checkpoints/fc3_h128_L[32]_strict_seed42_ablation_wd_l32_fc3_h128.pth
fc3_h128,128,weight_decay,32,2,43,normal,94.610000,mnist-checkpoints/fc3_h128_L[32]_strict_seed43_ablation_wd_l32_fc3_h128.pth
fc3_h128,128,weight_decay,32,2,44,normal,96.160000,mnist-checkpoints/fc3_h128_L[32]_strict_seed44_ablation_wd_l32_fc3_h128.pth
fc3_h128,128,weight_decay,32,4,40,normal,95.680000,mnist-checkpoints/fc3_h128_L[32]_strict_seed40_ablation_wd_l32_fc3_h128.pth
fc3_h128,128,weight_decay,32,4,41,normal,97.660000,mnist-checkpoints/fc3_h128_L[32]_strict_seed41_ablation_wd_l32_fc3_h128.pth
fc3_h128,128,weight_decay,32,4,42,normal,96.600000,mnist-checkpoints/fc3_h128_L[32]_strict_seed42_ablation_wd_l32_fc3_h128.pth
fc3_h128,128,weight_decay,32,4,43,normal,95.240000,mnist-checkpoints/fc3_h128_L[32]_strict_seed43_ablation_wd_l32_fc3_h128.pth
fc3_h128,128,weight_decay,32,4,44,normal,97.530000,mnist-checkpoints/fc3_h128_L[32]_strict_seed44_ablation_wd_l32_fc3_h128.pth
fc3_h128,128,weight_decay,32,8,40,normal,95.980000,mnist-checkpoints/fc3_h128_L[32]_strict_seed40_ablation_wd_l32_fc3_h128.pth
fc3_h128,128,weight_decay,32,8,41,normal,97.890000,mnist-checkpoints/fc3_h128_L[32]_strict_seed41_ablation_wd_l32_fc3_h128.pth
fc3_h128,128,weight_decay,32,8,42,normal,96.890000,mnist-checkpoints/fc3_h128_L[32]_strict_seed42_ablation_wd_l32_fc3_h128.pth
fc3_h128,128,weight_decay,32,8,43,normal,95.500000,mnist-checkpoints/fc3_h128_L[32]_strict_seed43_ablation_wd_l32_fc3_h128.pth
fc3_h128,128,weight_decay,32,8,44,normal,97.730000,mnist-checkpoints/fc3_h128_L[32]_strict_seed44_ablation_wd_l32_fc3_h128.pth
fc3_h128,128,weight_decay,32,16,40,normal,96.000000,mnist-checkpoints/fc3_h128_L[32]_strict_seed40_ablation_wd_l32_fc3_h128.pth
fc3_h128,128,weight_decay,32,16,41,normal,97.930000,mnist-checkpoints/fc3_h128_L[32]_strict_seed41_ablation_wd_l32_fc3_h128.pth
fc3_h128,128,weight_decay,32,16,42,normal,96.960000,mnist-checkpoints/fc3_h128_L[32]_strict_seed42_ablation_wd_l32_fc3_h128.pth
fc3_h128,128,weight_decay,32,16,43,normal,95.430000,mnist-checkpoints/fc3_h128_L[32]_strict_seed43_ablation_wd_l32_fc3_h128.pth
fc3_h128,128,weight_decay,32,16,44,normal,97.750000,mnist-checkpoints/fc3_h128_L[32]_strict_seed44_ablation_wd_l32_fc3_h128.pth
fc3_h128,128,weight_decay,32,32,40,normal,96.060000,mnist-checkpoints/fc3_h128_L[32]_strict_seed40_ablation_wd_l32_fc3_h128.pth
fc3_h128,128,weight_decay,32,32,41,normal,98.000000,mnist-checkpoints/fc3_h128_L[32]_strict_seed41_ablation_wd_l32_fc3_h128.pth
fc3_h128,128,weight_decay,32,32,42,normal,96.910000,mnist-checkpoints/fc3_h128_L[32]_strict_seed42_ablation_wd_l32_fc3_h128.pth
fc3_h128,128,weight_decay,32,32,43,normal,95.430000,mnist-checkpoints/fc3_h128_L[32]_strict_seed43_ablation_wd_l32_fc3_h128.pth
fc3_h128,128,weight_decay,32,32,44,normal,97.810000,mnist-checkpoints/fc3_h128_L[32]_strict_seed44_ablation_wd_l32_fc3_h128.pth
